0,ling4,4
1,jat1,5
1,sap1,1
2,ji6,7
3,fi1,1
3,saam1,9
4,fo1,1
4,sei3,10
5,m4,2
5,m6,2
5,ng5,1
6,luk1,4
6,luk6,4
7,cat1,2
7,cat6,2
8,baat3,4
9,gau1,2
9,gau2,10
9,gau6,2
9,naai1,1
A,ei1,36
B,bi1,43
B,bi4,11
B,bit1,2
C,si1,24
D,di1,23
D,di2,2
D,dit1,2
E,i1,2
E,ji1,10
E,si1,1
F,e1,1
G,zi1,8
G,zyu1,1
I,aai1,14
J,zei1,6
K,ke1,1
K,kei1,40
L,eu1,3
L,lau4,1
M,em1,30
M,en1,1
M,ming4,1
M,sem1,1
N,en1,12
O,fou1,1
O,ou1,28
O,sou1,2
P,pi1,28
Q,kiu1,20
R,aau1,9
S,e1,2
T,ti1,21
U,ju1,6
V,wi1,13
X,ik1,2
Y,waai1,2
Z,set1,1
a,ei1,1
b,bi1,1
c,si1,4
d,di1,4
e,i1,1
e,ji1,1
g,zi1,1
i,aai1,1
k,kei1,3
m,em1,10
m,mit1,1
o,ou1,3
p,pi1,6
q,kiu1,3
·,dim2,1
⺮,zuk1,1
⻊,zuk1,1
⻍,coek3,1
。,dim2,1
〇,ling4,2
の,zi1,1
㓟,pai1,1
㓤,gat1,2
㔆,caam5,3
㔷,beng3,1
㔼,seon2,1
㕭,aau1,2
㕭,jaau1,3
㖭,tim1,1
㖿,je2,1
㗎,gaa1,1
㗎,gaa2,2
㗎,gaa3,6
㗎,gaa4,7
㗱,zaap6,1
㗱,zep2,1
㗱,zep4,2
㗱,zep6,1
㗲,waak1,3
㗾,hoe1,1
㗾,hoe2,1
㗾,hoe4,3
㚻,gai1,1
㜺,zaan2,1
㞗,gau1,5
㞘,duk1,2
㥋,ai1,1
㧬,ngung2,2
㧬,ung2,5
㧻,duk1,3
㧾,fat1,1
㨃,deoi2,3
㨆,lam3,2
㨆,lam6,1
㨘,saang2,4
㨢,lang3,4
㨢,nang3,1
㨴,kin2,1
㩋,sok1,3
㩒,am6,1
㩒,gam6,11
㩧,bok1,9
㪗,tau2,1
㬹,zaang1,5
㮌,min2,1
㷫,hing3,12
㷹,zaau3,1
㾓,jyun1,2
㿭,caak3,1
㿺,baau3,1
䁓,zong1,1
䁪,zaam2,7
䁽,laap3,2
䂻,zaang6,1
䆡,laang1,1
䆲,kwaak1,2
䆲,kwaang1,3
䉺,hong2,2
䊦,et3,1
䊦,jit3,1
䏙,dam1,1
䐁,duk1,3
䐥,ngong3,1
䐥,ngung3,1
䐱,zaa6,2
䖢,saa1,2
䘆,hyun2,1
䘒,zoe1,4
䘒,zoe4,1
䚗,gong3,1
䚗,gong6,3
䞘,gat6,1
䟕,caa1,1
䟴,an3,3
䟴,ngan3,5
䠄,din2,4
䡣,wan6,1
䭤,hin3,1
䱽,coeng1,1
䱽,cong1,4
一,jat1,885
丁,deng1,1
丁,ding1,59
丁,ding4,1
七,cat1,80
丈,zoeng2,3
丈,zoeng6,23
三,saam1,289
三,saam3,2
上,soeng5,189
上,soeng6,224
下,haa2,12
下,haa5,49
下,haa6,261
不,bat1,1002
丐,koi3,3
丑,cau2,7
且,ce2,17
世,sai3,186
丘,jau1,9
丙,bing2,8
丞,sing4,2
丟,diu1,12
丟,diu2,1
両,loeng2,10
両,loeng5,1
丢,diu1,1
並,bing6,24
丫,aa1,13
中,zung1,310
中,zung3,39
串,cyun3,30
丸,jyun2,34
丹,daan1,18
主,zyu2,230
丼,dam2,2
丼,dong1,1
乃,naai5,10
久,gau2,37
么,jiu1,4
之,zi1,330
乍,zaa3,5
乎,fu4,32
乏,fat6,15
乒,bing1,5
乒,bing4,3
乒,ling1,1
乒,ping1,3
乓,bam1,5
乓,laang1,1
乓,paang1,3
乖,gwaai1,10
乘,sing4,25
乘,sing6,1
乙,jyut6,7
乜,mat1,60
九,gau1,1
九,gau2,103
乞,haat1,30
乞,hat1,30
也,jaa2,3
也,jaa4,2
也,jaa5,14
也,jaa6,2
也,je1,2
乩,gei1,2
乪,kek6,1
乳,jyu5,39
乸,laa2,3
乸,naa2,46
乸,naa4,1
乾,gon1,83
乾,kin4,2
亂,lyun2,15
亂,lyun6,108
了,liu1,3
了,liu5,45
予,jyu4,3
予,jyu5,17
事,si2,8
事,si4,1
事,si6,328
二,ji2,9
二,ji6,116
亍,coet1,2
亍,cuk1,1
于,jyu1,3
云,wan4,5
互,wu6,23
五,ng5,120
井,zeng2,28
些,se1,20
亞,aa3,106
亟,gik1,1
亟,gik6,1
亡,mong4,39
亢,kong3,4
交,gaau1,172
交,kaau1,4
亥,hoi6,2
亦,jik6,11
亨,hang1,12
享,hoeng2,15
京,ging1,22
亭,ting2,4
亭,ting4,13
亭,ting5,1
亮,loeng6,26
人,jan1,5
人,jan2,31
人,jan4,1012
亻,jan4,1
什,sam6,2
什,sap6,2
什,zaap6,5
仁,jan2,1
仁,jan4,38
仁,ngan4,1
仃,ding1,3
仄,cek1,1
仄,zak1,5
仆,fu6,2
仆,puk1,21
仇,cau4,1
仇,kau4,1
仇,sau4,37
今,gam1,51
介,gaai3,26
仍,jing4,4
仔,zai1,2
仔,zai2,485
仔,zai4,1
仔,zi2,1
仕,si6,5
他,taa1,38
他,taa6,1
仗,zoeng2,7
仗,zoeng3,7
仗,zoeng6,7
付,fu6,26
仙,sin1,50
仝,tung4,1
仞,jan6,1
仟,cin1,1
代,doi6,98
令,lim1,2
令,ling2,7
令,ling3,9
令,ling4,1
令,ling6,56
以,ji5,132
以,jyu5,1
仰,joeng5,15
仰,ngong5,1
仲,zung6,15
仳,pei2,1
仵,ng5,2
件,gin2,43
件,gin6,12
任,jam2,1
任,jam4,1
任,jam6,82
份,fan2,11
份,fan6,52
仿,fong2,10
企,kei2,5
企,kei5,47
伉,kong3,1
伊,ji1,23
伊,ji4,2
伍,ng5,13
伎,gei6,1
伏,buk2,1
伏,buk4,1
伏,buk6,6
伏,fuk2,1
伏,fuk6,25
伐,fat6,12
休,jau1,38
伕,fu1,3
伙,fo2,28
伯,baak3,39
估,gu2,25
伴,bun2,2
伴,bun6,24
伴,pun2,3
伶,ling1,3
伶,ling4,9
伸,san1,16
伺,si6,3
伺,zi6,4
似,ci5,40
伽,gaa1,5
但,daan6,17
佇,cyu5,3
佈,bou3,23
位,wai2,101
位,wai6,34
低,dai1,138
住,zi6,1
住,zyu2,1
住,zyu6,155
佐,zo1,3
佐,zo2,4
佐,zo3,3
佐,zo6,1
佑,jau6,5
佔,zim3,22
何,ho2,2
何,ho4,62
佗,taa1,1
佗,to4,15
佘,se4,1
余,jyu4,2
佚,dit6,1
佛,fat1,1
佛,fat4,1
佛,fat6,44
作,zok3,214
你,nei5,110
佢,heoi5,1
佢,keoi5,18
佣,jung2,5
佩,pui3,6
佬,lou2,160
佬,lou3,1
佮,tap1,8
佯,joeng4,2
佰,baak3,1
佳,gaai1,21
併,bing3,8
併,bing6,2
併,ping3,8
佻,tiu1,1
佻,tiu3,1
佻,tiu4,3
佼,gaau2,2
使,sai2,71
使,si2,25
使,si3,13
使,si5,13
侃,hon2,3
侄,zat2,1
侄,zat6,7
來,lai4,12
來,lei4,10
來,loi4,146
侈,ci2,3
例,lai6,59
侍,si6,10
侏,zyu1,2
侖,leon2,1
侖,leon4,4
供,gung1,29
供,gung3,2
依,ji1,69
依,ji4,2
依,ngi1,2
依,ngi4,2
依,ni1,2
依,wi1,1
侮,mou5,3
侯,hau4,9
侲,san5,1
侵,cam1,19
侵,cam3,2
侶,leoi5,6
侷,guk6,4
便,bin2,5
便,bin6,75
便,pin2,3
便,pin4,16
俁,jyu5,1
係,hai6,148
促,cuk1,16
俄,ngo4,10
俊,zeon3,6
俎,ceoi4,1
俎,zo2,1
俏,ciu3,5
俐,lei6,5
俑,jung2,3
俗,zuk6,41
俘,fu1,6
俚,lei5,2
保,bou2,119
俞,jyu4,1
俠,haap6,1
俠,hap6,8
信,seon3,125
俬,si1,1
修,sau1,66
俯,fu2,10
俱,geoi6,1
俱,keoi1,15
俳,paai4,1
俸,fung2,4
俾,bei2,45
倀,caang4,2
倀,coeng1,1
倆,loeng5,2
倉,cong1,29
倉,cong2,3
個,go3,175
個,go4,1
個,go6,1
倌,gun1,8
倍,pui5,9
們,mun4,10
倒,dou2,73
倒,dou3,41
倒,dou6,1
倔,gwak6,2
倔,gwat6,12
倖,hang6,8
倘,tong2,2
候,hau2,1
候,hau4,1
候,hau6,41
倚,ji2,9
倜,tik1,1
借,ze3,63
倡,coeng1,4
倡,coeng3,4
倦,gyun6,9
倩,sin6,1
倪,ngai4,2
倪,ngai6,2
倫,lan4,1
倫,leon4,26
倭,wo1,1
倮,lo4,1
值,zik6,47
偃,jin2,1
假,gaa1,2
假,gaa2,79
假,gaa3,37
偈,gai2,13
偉,wai5,10
偌,je6,2
偎,wui1,2
偏,pin1,36
偕,gaai1,3
偕,haai4,1
做,zou6,160
停,ting2,1
停,ting4,50
健,gin6,31
側,zak1,28
偵,zing1,10
偶,ngau5,20
偷,tau1,56
偽,ngai6,21
傀,faai3,1
傅,fu2,6
傅,fu6,1
傍,bong6,7
傍,pong4,5
傑,git6,10
傘,saan3,10
備,bei2,2
備,bei6,55
傚,haau6,1
傝,daap3,1
傢,gaa1,7
催,ceoi1,25
傭,jung4,9
傲,ngou6,12
傳,cyun4,105
傳,zyun2,7
傳,zyun6,3
債,zaai3,41
傷,soeng1,92
傻,so4,29
傾,king1,48
僂,lau5,3
僅,gan2,12
僆,leng1,5
像,zoeng6,34
僑,kiu4,8
僕,buk6,9
僚,liu4,6
僥,hiu1,2
僧,zang1,10
僭,cim3,5
僭,cim5,2
僮,zong6,1
僱,gu3,9
僵,goeng1,7
價,gaa3,130
僻,pik1,10
儀,ji4,23
儂,laang1,1
億,jik1,2
儆,geng6,4
儆,ging2,4
儈,kui2,2
儉,gim6,7
儐,ban1,1
儐,ban3,2
儒,jyu4,9
儕,caai4,3
儕,cai4,2
儘,zeon2,2
儘,zeon6,10
償,soeng4,16
儡,leoi5,1
優,aau1,2
優,jaau1,2
優,jau1,35
儲,cou5,3
儲,cyu5,17
儲,cyu6,1
儳,caam6,1
儷,lai6,1
儻,tong2,1
儼,jim5,2
兀,ngat6,2
兀,nget4,2
兀,nget6,2
允,wan5,7
元,jyun4,58
兄,hing1,22
充,cung1,50
兆,siu6,9
兇,hung1,23
先,sin1,118
光,gwong1,209
克,haak1,41
克,hak1,42
免,min5,49
兑,deoi3,4
兒,ji1,21
兒,ji4,73
兔,tou3,17
兜,dau1,46
兢,ging1,4
入,jap6,235
內,noi2,1
內,noi6,125
全,cyun4,137
兩,loeng2,11
兩,loeng4,1
兩,loeng5,128
八,baat3,120
公,gung1,328
公,gung4,1
六,luk1,2
六,luk2,1
六,luk6,56
共,gung4,1
共,gung6,74
兵,bing1,87
其,kei4,107
具,geoi6,40
典,din2,32
兼,gim1,29
冀,kei3,3
円,jen1,3
冇,mou2,2
冇,mou5,318
冉,jim5,2
冊,caak3,14
再,zoi3,35
冒,mou6,32
冕,min5,5
冖,mik6,1
冗,jung2,4
冚,haam6,1
冚,ham2,1
冚,ham4,3
冚,ham6,19
冚,kam2,28
冠,gun1,23
冠,gun3,10
冢,cung2,1
冤,jyun1,41
冥,ming5,14
冧,lam1,23
冧,lam3,17
冧,lam6,3
冧,nam1,3
冪,mik6,1
冫,bing1,1
冬,dung1,48
冰,bing1,70
冶,je5,8
冷,laang1,21
冷,laang5,94
冷,lang1,1
冼,sin2,1
凄,cai1,1
准,zeon2,11
凈,zing6,1
凋,diu1,5
凌,ling4,15
凍,dung3,34
凜,lam5,6
凝,jing4,14
几,gei1,1
凡,faan4,23
凭,bang6,4
凰,wong4,7
凱,hoi2,4
凱,kaai1,2
凳,dam3,5
凳,dam4,1
凳,dang3,38
凶,hung1,16
凸,dat6,23
凹,aau3,1
凹,lap1,1
凹,nap1,8
出,ceot1,419
出,cyut1,2
凼,tam5,1
函,haam4,7
刀,dou1,88
刁,deu1,2
刁,diu1,18
刃,jan6,6
分,fan1,205
分,fan2,3
分,fan6,55
切,cai3,2
切,cit1,8
切,cit3,76
切,jit1,4
刊,hon1,19
刊,hon2,21
刎,man5,1
刑,jing4,42
划,waa1,2
列,laat3,3
列,lit6,39
初,co1,53
判,pun3,45
別,bit3,1
別,bit6,85
刨,paau2,5
刨,paau4,12
利,lai2,1
利,lai6,9
利,lei2,9
利,lei6,154
刪,saan1,6
刮,gwaat2,1
刮,gwaat3,20
到,dou2,36
到,dou3,228
制,zai1,2
制,zai3,88
刷,caat2,5
刷,caat3,16
券,gyun3,18
券,hyun3,11
刺,ci3,29
刺,cik3,1
刺,sik3,2
刻,haak1,36
刻,hak1,40
刻,kaak1,1
刻,kak1,1
剁,doek1,1
剁,doek3,1
剃,tai3,11
則,zak1,34
則,zik1,7
削,soek3,17
剋,haak1,3
剋,hak1,3
剌,laai1,1
前,cin4,162
剎,saa1,1
剎,saat3,9
剎,sak1,1
剒,cok3,4
剔,tik1,17
剖,fau2,9
剖,pau2,1
剛,gong1,22
剝,mok1,8
剩,sing6,10
剩,zing6,17
剪,zin2,25
副,fu3,24
副,fu4,2
割,got3,21
創,cong3,39
剷,caan2,11
剽,piu5,1
剿,ziu2,3
劃,waak6,28
劇,kek6,47
劈,pek3,20
劈,pek6,1
劉,lau4,8
劊,kui2,1
劍,gim3,22
劏,tong1,21
劑,zai1,32
劖,caam5,4
力,lei1,1
力,lik1,10
力,lik6,301
功,gung1,94
加,gaa1,141
加,gaa3,2
劣,lyut1,1
劣,lyut3,7
劣,lyut6,13
助,zo6,57
努,lou5,1
努,nou5,4
劫,gip3,24
劾,hat6,1
勁,ging3,10
勁,ging4,1
勁,ging6,14
勃,but6,22
勇,jung5,34
勉,min5,15
勒,laak6,11
勒,lak6,19
勒,lat6,1
動,dung6,214
勘,ham1,1
勘,ham3,3
務,mou6,70
勛,fan1,6
勝,sing1,16
勝,sing3,64
勞,lou1,1
勞,lou2,1
勞,lou4,67
募,mou6,5
勢,sai3,115
勤,kan4,25
勳,fan1,6
勵,lai6,8
勸,hyun3,21
勹,baau1,1
勺,soek3,2
勺,zoek3,1
勻,wan4,18
勾,ngau1,24
勿,mat6,11
包,baau1,188
包,bau6,1
匆,cung1,8
匈,hung1,3
匕,bei3,5
匕,bei6,5
化,faa2,4
化,faa3,198
北,baak1,1
北,bak1,80
匙,ci4,5
匙,si4,19
匠,zoeng6,7
匡,hong1,3
匣,gaap2,1
匣,haap2,1
匣,haap6,2
匪,fei2,14
匯,wui6,24
匱,gwai6,1
匹,pat1,19
匾,bin2,3
匿,nei1,6
匿,nik1,6
區,au1,1
區,keoi1,73
十,aa6,1
十,sap1,1
十,sap6,127
千,cin1,92
升,sing1,56
午,ng5,23
卉,wai2,1
半,bun3,108
卍,maan6,1
卑,bei1,17
卒,cyut3,1
卒,zeot1,15
卓,coek3,9
卓,coet1,2
協,hip3,21
南,laam4,2
南,naam4,80
南,nam4,1
博,bok3,38
卜,bok1,14
卜,buk1,18
卜,buk2,2
卜,buk4,4
卜,buk6,2
卜,pok1,3
卜,pot1,1
卞,bin6,1
占,zem1,2
占,zim1,11
卡,kaa1,51
卡,kaa3,9
卡,kaa4,2
卡,kaa6,8
卡,kaak1,2
卡,kaak4,2
卡,kaat1,47
卡,kik1,1
卡,kwaak1,1
卦,gwaa3,17
卧,ngo6,13
卯,maau5,3
印,jan3,79
印,ngan3,3
危,ngai2,1
危,ngai4,39
即,ze1,2
即,zek1,3
即,zik1,58
卵,leon2,16
卷,gyun2,17
卸,se3,15
卻,koek3,13
卼,ngat6,3
卿,hing1,4
厄,aak1,7
厄,ak1,3
厘,lai4,3
厘,lei1,4
厘,lei2,2
厘,lei4,16
厘,li1,1
厚,hau5,39
厚,hau6,2
原,jyun4,97
厥,kyut3,3
厭,jim1,1
厭,jim3,20
厲,lai2,3
厲,lai6,14
厲,lei6,1
厴,jim2,8
去,heoi2,1
去,heoi3,101
厾,duk1,1
叁,saam1,1
參,caam1,34
參,cam1,1
參,sam1,10
又,jau6,58
叉,caa1,47
及,gap6,3
及,kap6,70
友,jau2,39
友,jau5,72
反,faan2,146
反,faan6,1
叔,suk1,24
取,ceoi2,101
受,sau6,101
叛,bun6,15
叟,sau2,1
叠,daap6,7
叠,dep6,2
叠,dip6,4
叢,cung4,8
口,hau2,493
口,hau4,2
古,gu1,4
古,gu2,101
古,gu4,2
句,geoi3,44
句,ngau1,1
另,ling6,22
叨,dou1,4
叨,tou1,1
叩,kau3,5
只,zi2,29
叫,giu3,44
召,ziu6,18
叭,baa1,10
叭,baa2,1
叭,baa4,3
叭,paa1,1
叮,deng1,1
叮,ding1,22
叮,ding4,4
可,haak1,1
可,hak1,1
可,ho2,211
可,ho4,1
可,ho5,2
可,ko1,2
台,toi2,6
台,toi4,95
叱,cik1,6
叱,cik4,2
史,si2,37
右,jau2,1
右,jau6,46
叵,bo1,1
叵,po2,2
叶,jip3,1
司,si1,70
司,si2,1
叻,lak3,1
叻,lek1,14
叻,lik1,4
叼,diu1,1
叾,duk1,1
吃,hek3,25
各,gok3,58
合,gaap3,3
合,gap3,1
合,hap6,169
合,ho4,4
吉,gat1,52
吉,git6,1
吊,diu3,69
吊,tiu2,1
吊,tiu4,1
吋,cyun3,6
同,tung4,187
名,meng2,39
名,ming4,169
后,hau6,17
吏,lei6,5
吐,dat6,1
吐,tou2,2
吐,tou3,24
吐,tu1,1
向,hoeng3,61
吒,caak1,1
吒,zaa1,1
吓,haa2,3
吓,haa5,16
吔,jaa1,1
吔,jaa2,3
吔,jaa3,2
吔,jaa4,2
吔,jaa5,1
吔,jaa6,1
吔,jaak3,7
吖,aa1,8
吖,ngaa1,1
君,gwan1,46
吝,leon6,4
吞,tan1,27
吟,am4,1
吟,jam4,14
吟,ngam4,8
吠,fai6,4
吡,bei2,1
否,fau2,16
否,pei2,1
吧,baa1,13
吧,baa2,2
吧,baa4,1
吧,baa6,1
吩,fan1,1
含,ham2,1
含,ham4,36
含,ham6,1
吮,syun2,1
吮,syun5,1
吱,zi1,12
吱,zi4,5
吳,ng4,3
吵,caau2,9
吶,naap6,5
吶,nap6,2
吸,kap1,36
吹,ceoi1,58
吹,ceoi3,1
吻,man5,11
吼,haau1,1
吼,hau1,9
吼,hau4,3
吽,hung1,1
吽,ngau6,15
吾,ng4,5
呀,aa3,14
呀,aa4,4
呀,aa5,2
呀,aa6,3
呀,jaa3,1
呀,jaa4,2
呀,jaak3,1
呀,ngaa1,1
呂,leoi5,5
呃,aak1,18
呃,aak3,1
呃,ngaak1,21
呆,daai1,2
呆,ngoi4,18
呈,cing4,13
告,gou3,70
告,guk1,2
呍,wan6,2
呎,cek3,7
呐,naap3,1
呔,taai1,17
呔,taai5,2
呠,but1,4
呠,but4,1
呢,le1,4
呢,le2,1
呢,le4,6
呢,li1,3
呢,ne1,4
呢,nei1,42
呢,ni1,39
呤,ling1,1
呤,ling2,1
呤,ling3,2
呤,ling4,1
呥,jam1,2
周,zau1,58
呯,baang4,2
呯,beng4,1
呱,gwaa1,5
呱,gwe1,1
呱,gwek2,1
呱,gwek4,3
味,mei2,27
味,mei6,81
呵,ho1,8
呷,haap3,3
呸,pei1,1
呻,san1,2
呻,san3,7
呼,fu1,43
命,meng6,104
命,ming6,86
咀,zeoi2,57
咁,gam2,46
咁,gam3,88
咄,cyut3,2
咄,dat1,1
咆,paau4,1
咇,bi1,2
咇,bip1,1
咇,bit1,7
咋,za6,1
咋,zaa1,1
咋,zaa2,2
咋,zaa3,10
咋,zaa4,6
咋,zaa5,1
咋,zaa6,1
和,wo4,110
和,wo6,12
咎,gau3,9
咐,fu3,1
咐,fu6,1
咑,daa2,2
咑,daak1,2
咑,daak6,2
咒,zau3,7
咓,aa5,2
咔,kaa4,2
咕,bu4,1
咕,gu1,15
咕,gu2,2
咕,gu4,13
咕,ku1,1
咖,gaa3,27
咗,zo1,2
咗,zo2,28
咚,dung1,2
咤,caak1,2
咤,caak4,1
咤,caat4,1
咦,ji1,1
咦,ji2,4
咦,ji4,4
咦,ji6,1
咦,ngi1,1
咦,ngi4,3
咧,le4,2
咧,le5,2
咧,lit1,1
咨,zi1,2
咩,me1,40
咪,mai1,18
咪,mai5,12
咪,mai6,6
咪,mei1,2
咪,mi1,17
咪,mi4,2
咫,zi2,3
咬,ngaau5,35
咭,kaa1,1
咭,kaat1,40
咯,gok1,3
咯,gok2,1
咯,gok3,2
咯,gok4,6
咯,gok6,3
咯,lo3,1
咯,lok1,2
咯,lok3,1
咱,zaa1,2
咳,kak1,3
咳,kat1,14
咸,haam4,19
咹,on1,1
咻,hiu1,1
咽,jin1,9
咿,ji1,9
咿,ji2,2
咿,ji4,2
咿,ngi1,4
咿,ngi4,2
哀,oi1,22
品,ban2,105
哄,hung3,14
哄,hung6,2
哆,doe1,1
哇,waa1,6
哈,haa1,28
哉,zoi1,7
哋,dei2,24
哋,dei6,6
哋,di4,1
响,hoeng2,10
哎,aai1,1
哎,ai1,10
哏,gang2,1
哚,doe1,1
哚,doe4,1
員,jyun4,89
哣,dau6,4
哥,go1,76
哥,go4,3
哦,ngo4,12
哦,o2,1
哦,o3,1
哦,o4,9
哦,o5,1
哦,o6,1
哨,saau3,13
哨,saau4,4
哨,saau6,1
哩,le1,1
哩,le5,2
哩,lei1,8
哩,lei2,1
哩,lei5,4
哩,li1,17
哩,li4,3
哪,naa4,1
哪,naa5,9
哬,hoe4,1
哭,huk1,15
哮,haau1,4
哲,zit3,6
哺,bou6,9
哼,hang1,2
哼,hm1,1
哼,hng1,1
哽,ang2,7
哽,gang2,1
哽,kang2,3
哽,ngang2,2
哽,ngang4,1
哿,go4,1
哿,go6,1
唁,jin6,2
唂,guk1,4
唅,ngam4,2
唆,so1,6
唇,seon4,30
唉,aai1,5
唉,aai2,1
唉,ai3,1
唎,lei1,2
唎,li1,2
唏,hei1,2
唏,hei5,1
唐,tong4,23
唓,ce1,1
唓,ce2,1
唔,m1,8
唔,m4,548
唔,m6,1
唔,ng4,2
唚,cam3,3
唞,tau2,10
唥,laang1,2
唥,laang4,2
唥,laang6,1
唥,lang1,1
唥,lang3,1
唧,zek1,6
唧,zet4,2
唧,zik1,6
唧,zit1,10
唨,zo2,1
唪,baang6,1
售,sau6,29
唯,wai2,2
唯,wai4,17
唱,coeng3,62
唳,leoi6,2
唵,aan1,1
唶,ze1,1
唷,jo1,1
唷,jo3,1
唸,nim6,8
唾,to3,1
唾,toe3,2
唾,toe5,3
啃,kang2,4
啄,doek1,2
啄,doek3,4
啄,doeng1,14
啅,coek1,4
啅,coek3,2
商,soeng1,78
啊,aa3,8
啋,coi1,3
問,man6,95
啓,kai2,23
啖,daam6,19
啜,cyut2,1
啜,zyut1,2
啜,zyut2,1
啜,zyut3,5
啝,wo4,1
啞,aa2,33
啡,fe1,23
啡,fe4,3
啡,fe5,2
啣,haam4,1
啣,ham4,1
啤,be1,43
啤,be4,2
啤,bet4,2
啤,bet6,2
啤,bi1,10
啤,bi4,7
啤,bit1,2
啤,pe1,9
啤,pe5,1
啥,saa2,1
啦,laa1,57
啦,laa2,3
啦,laa4,14
啦,naa1,2
啩,gwaa3,1
啪,baak1,3
啪,paak1,20
啪,paak4,6
啫,ze1,12
啫,zek1,2
啫,zoe1,11
啫,zoe4,1
啱,aam1,12
啱,ngaam1,43
啲,di1,59
啲,di2,1
啲,di4,3
啲,dit1,13
啵,bo3,1
啶,ding6,1
啷,long1,5
啷,long2,5
啹,goe1,3
啹,goe4,2
啼,tai4,8
喀,gaa2,1
喀,gaa4,2
喀,haak3,2
喀,kaa4,2
喂,wai2,1
喂,wai3,5
喂,wei2,1
喂,wei3,1
喃,naam4,7
善,sin6,72
喇,laa1,4
喇,laa3,17
喇,laak3,2
喉,hau4,62
喊,haam3,28
喋,dip6,3
喎,wo1,2
喎,wo3,2
喎,wo4,1
喎,wo5,7
喐,juk1,21
喑,am6,1
喔,o1,1
喘,cyun2,8
喙,fui3,2
喚,wun6,8
喜,hei2,67
喝,hot3,17
喧,hyun1,6
喪,song1,12
喪,song3,19
喫,hek3,1
喫,jaak3,7
喬,kiu4,5
喭,jin6,2
單,daan1,159
單,sin4,2
單,sin6,1
喱,le1,1
喱,lei1,17
喱,lei2,3
喱,li1,4
喱,nei1,1
喲,jo1,2
喲,jo3,1
喳,caa2,1
喳,caa4,1
喳,caa5,2
喳,zaa1,8
喳,zaa2,6
喳,zaa4,7
喵,maau1,1
喵,meu1,2
喵,miu2,2
喺,hai2,18
喻,jyu6,13
喼,gip1,10
喼,kip1,1
嗄,haa2,2
嗅,cau3,3
嗅,hung3,1
嗇,sik1,2
嗌,aai3,11
嗌,ngaai3,1
嗍,sok3,2
嗎,maa1,3
嗎,maa3,3
嗑,hap6,1
嗒,daap1,4
嗒,daap6,1
嗒,dap1,2
嗒,dep1,3
嗓,song1,2
嗗,gut2,1
嗗,gut4,1
嗗,gut6,1
嗚,wu1,8
嗜,si3,4
嗝,oek4,1
嗝,oet4,1
嗝,oet6,1
嗟,ze1,5
嗡,jung1,1
嗣,zi6,2
嗤,ci1,6
嗦,so1,2
嗦,sok2,1
嗦,sok4,1
嗨,haai1,1
嗩,so2,1
嗬,ho2,1
嗮,saai3,3
嗯,m2,1
嗯,m3,1
嗯,m6,1
嗰,go1,2
嗰,go2,41
嗰,go4,2
嗰,gwo4,2
嗱,laa2,7
嗱,laa4,12
嗱,laa5,2
嗱,naa2,2
嗱,naa4,4
嗲,de1,10
嗲,de2,9
嗲,de4,4
嗲,doe2,1
嗲,doe4,1
嗶,bi1,3
嗶,bi4,2
嗶,bit1,1
嗷,ngou4,3
嗻,ze1,2
嗻,zoe1,1
嗽,sau3,2
嘀,dik1,2
嘅,ge2,4
嘅,ge3,21
嘆,taan3,23
嘆,taan6,1
嘈,cou4,21
嘉,gaa1,13
嘌,piu1,1
嘍,lau3,3
嘍,lau4,1
嘍,lo3,1
嘎,gaa4,5
嘔,au2,11
嘖,zik1,3
嘗,soeng4,10
嘚,daak1,2
嘛,faa5,1
嘛,maa1,5
嘛,maa3,9
嘛,maa4,1
嘛,maa5,4
嘜,mak1,11
嘞,laak1,5
嘞,laak3,3
嘞,laak4,2
嘟,dut1,2
嘟,dut6,1
嘟,dyut1,6
嘟,dyut6,1
嘢,je5,128
嘥,saai1,16
嘧,mat6,1
嘩,waa1,12
嘩,waa3,1
嘭,baang2,2
嘭,baang4,8
嘭,bam4,1
嘭,beng4,1
嘮,lou4,4
嘯,siu3,2
嘯,siu6,1
嘰,gi1,20
嘰,gi4,17
嘲,zaau1,7
嘴,zeoi2,87
嘵,hiu1,1
嘶,sai1,2
嘶,si1,2
嘸,mo4,3
嘹,liu4,1
嘺,kiu2,1
嘻,hei1,3
嘻,hi1,3
嘿,hei1,1
噁,ok3,1
噁,wu3,1
噃,bo3,1
噆,cam3,2
噆,cam4,1
噈,zuk6,2
噉,gam2,56
噌,zang1,3
噍,zeu6,2
噍,ziu6,4
噎,ik1,3
噏,ap1,24
噏,ngap1,14
噒,leon1,2
噓,heoi1,5
噓,hoe1,1
噗,pok1,1
噚,cam3,2
噚,cam4,7
噢,ou3,1
噤,gam3,1
噤,kam1,2
器,hei3,83
噩,ngok6,9
噩,ok3,1
噪,cou3,5
噫,ji2,1
噬,sai4,3
噬,sai6,4
噱,coek3,2
噱,koek6,1
噴,pan3,17
噶,gaa1,1
噶,gaa3,1
噶,ge3,1
噶,got3,1
噸,deon1,4
噹,dong1,6
噹,dong3,1
噹,dong6,1
噹,dung3,1
噼,pek1,1
噼,pek6,1
噼,pet1,3
噼,pet6,1
嚇,haak3,17
嚎,hou4,3
嚏,ci1,4
嚏,tai3,1
嚐,soeng4,2
嚒,mo1,4
嚓,caak4,1
嚓,caat4,1
嚕,lou1,1
嚕,lou3,8
嚕,lou6,2
嚕,lu3,1
嚕,lu4,2
嚕,lut4,1
嚙,ngaat6,1
嚙,nget4,2
嚙,nget6,2
嚟,lai2,3
嚟,lai4,119
嚟,lei4,96
嚟,li1,1
嚟,li4,2
嚡,haai4,9
嚤,mo1,8
嚥,jin3,2
嚦,lik1,3
嚦,lik4,1
嚨,lung4,4
嚮,hoeng2,1
嚮,hoeng3,3
嚱,he2,1
嚱,hei5,1
嚴,jim4,36
嚷,joeng6,2
嚹,laa3,1
嚼,zoek3,3
嚿,gau2,1
嚿,gau6,14
囂,hiu1,7
囈,ai1,7
囈,ngai1,7
囉,lo1,22
囉,lo3,2
囉,lo4,4
囊,long4,2
囊,nong2,1
囊,nong4,19
囊,nong6,1
囌,sou1,1
囍,hei2,2
囑,zuk1,5
囖,lo1,1
囚,cau4,8
四,sei3,170
四,si3,3
囝,zai2,2
囝,zai4,1
回,wui4,129
囟,seon2,4
囟,seon3,1
因,jan1,64
囡,neoi1,2
囡,neoi2,3
囡,neoi4,2
囤,tyun4,4
囧,gwing2,1
囪,cung1,1
囪,tung1,2
困,kwan3,25
困,wan3,3
囱,cung1,1
囱,tung1,1
囹,ling4,1
固,gu3,25
固,gu4,2
囿,aau1,2
囿,jaau1,2
圃,pou2,2
圄,jyu5,1
圈,hyun1,43
國,gok3,1
國,gwok3,207
圍,wai4,73
園,jyun2,16
園,jyun4,25
圓,jyun2,3
圓,jyun4,60
圖,tou4,85
團,tyun4,56
圜,waan4,1
圜,won1,1
土,tou2,92
在,zoi2,2
在,zoi6,121
圭,gwai1,4
圮,pe5,2
地,dei2,60
地,dei6,428
地,di4,1
圳,zan3,5
圾,saap3,21
址,zi2,8
均,gwan1,20
坊,fong1,14
坎,ham1,1
坎,ham2,3
坎,kaan2,5
坐,co5,54
坐,zo6,45
坑,haang1,35
坡,bo1,15
坡,po1,1
坤,kwan1,2
坦,taan2,23
坪,ping4,5
坳,aau3,2
坳,ngaau3,2
坷,ho1,1
坺,pet6,1
坼,caak3,3
垂,seoi4,24
垂,soe4,2
垃,laap6,25
型,jing4,50
垠,ngan4,1
垢,gau3,4
垣,wun4,1
垮,kwaa1,5
垽,ngan6,1
埂,gang2,1
埃,aai1,10
埃,oi1,9
埄,pung1,1
埋,maai4,150
城,seng2,5
城,seng4,3
城,sing4,63
埔,bou3,4
埔,pou4,1
埕,cing4,7
埗,bau6,1
埗,bou2,2
埗,bou3,2
埗,bou6,4
埞,deng6,10
域,wik6,18
埠,bou6,2
埠,fau6,15
埲,bung6,1
執,zap1,105
培,pui4,9
基,gei1,69
基,gi6,1
堂,tong2,17
堂,tong4,85
堅,gin1,46
堆,deoi1,18
堇,gan2,1
堡,bou2,16
堤,tai4,5
堪,ham1,21
堯,jiu4,1
報,bou3,146
報,bou5,1
場,coeng2,4
場,coeng4,182
堵,dou2,4
塊,faai3,13
塌,taap3,11
塑,sok3,5
塑,sou3,10
塒,zi6,1
塔,taap3,36
塗,tou4,22
塘,tong4,38
塚,cung2,3
塞,coi3,21
塞,sak1,27
塞,zat1,3
塢,ou3,1
填,tin4,29
塵,can4,45
塹,cim3,1
塾,suk6,1
境,ging2,51
墅,seoi5,1
墅,seoi6,1
墈,ham3,2
墊,din2,1
墊,din3,2
墊,din6,2
墊,zin1,1
墊,zin2,3
墊,zin3,15
墓,mou6,13
墜,zeoi2,1
墜,zeoi6,9
增,zang1,25
墟,heoi1,15
墨,mak1,4
墨,mak2,2
墨,mak6,48
墩,dan1,3
墩,dan2,3
墮,do6,13
墮,doe3,1
墮,doe6,2
墳,fan4,8
墻,coeng4,1
墾,han2,2
壁,bek3,2
壁,bik1,24
壅,ngung1,2
壅,ung1,1
壆,bok3,4
壇,taan4,18
壓,aat3,64
壓,ngaat3,1
壓,ngaat6,1
壘,leoi4,1
壘,leoi5,7
壞,kwaai4,1
壞,waai2,2
壞,waai6,41
壟,lung5,2
壢,lek6,1
壤,joeng6,6
壩,baa3,3
士,si2,59
士,si4,1
士,si6,134
壬,jam4,3
壯,zong3,34
壯,zong6,1
壹,jat1,1
壺,wu2,14
壺,wu4,3
壽,sau6,48
夏,haa6,26
夔,kwai4,1
夕,zik6,12
外,ngoi2,3
外,ngoi6,208
夙,suk1,4
多,do1,260
多,doe1,3
夜,je2,15
夜,je6,109
夠,gau2,1
夠,gau3,51
夢,mung6,45
夤,jan4,1
夥,fo2,10
大,daai1,2
大,daai2,9
大,daai6,1137
天,tin1,452
太,taai2,6
太,taai3,110
夫,fu1,89
夫,fu2,1
夫,fu4,2
夭,jiu1,6
央,jaang1,1
央,joeng1,11
失,sat1,169
夷,ji4,10
夾,gaap2,2
夾,gaap3,50
夾,gap3,1
夾,gap6,2
夾,gep2,8
夾,gep6,6
夾,gip2,3
夾,gip6,2
奀,an1,1
奀,ang1,1
奀,ngan1,16
奄,am1,2
奄,jim1,5
奄,jim2,2
奅,paau3,3
奇,gei1,1
奇,ke4,4
奇,kei4,61
奈,noi6,10
奉,fung2,1
奉,fung6,25
奎,kwai1,1
奏,zau3,21
奐,wun6,2
契,kai3,37
契,kit3,1
奓,caa3,2
奔,ban1,18
奕,jik6,3
套,tou2,1
套,tou3,42
奚,hai4,1
奠,din6,3
奢,ce1,9
奧,ou3,17
奪,dyut6,33
奮,fan5,17
女,jyu5,1
女,neoi1,1
女,neoi2,96
女,neoi4,2
女,neoi5,107
奴,nou4,14
奶,laai2,7
奶,naai1,16
奶,naai2,1
奶,naai4,1
奶,naai5,62
奸,gaan1,30
她,taa1,2
奼,caa3,1
奼,zaa3,1
好,hou2,316
好,hou3,33
如,jyu4,177
妃,fei1,10
妄,mong5,16
妍,jin4,2
妒,dou3,5
妒,dou6,1
妓,gei6,12
妖,jiu1,1
妖,jiu2,15
妗,kam5,5
妙,ji6,1
妙,miu2,4
妙,miu6,24
妝,zong1,17
妞,nau2,1
妥,to5,10
妨,fong4,8
妮,nei4,1
妯,zuk6,1
妳,nei5,2
妹,mui1,53
妹,mui2,17
妹,mui4,4
妹,mui6,6
妻,cai1,32
妾,cip3,4
姆,mou5,7
姊,ze2,1
姊,zi2,13
始,ci2,24
姍,saan1,2
姐,ze1,23
姐,ze2,33
姐,ze4,3
姑,gu1,55
姓,sing3,25
委,wai1,1
委,wai2,19
姚,jiu4,1
姜,goeng1,2
姣,gaau2,2
姣,haau4,15
姥,lou5,3
姥,mou5,2
姦,gaan1,21
姨,ji1,5
姨,ji4,16
姩,lin1,2
姩,nin1,2
姪,zat2,1
姪,zat6,12
姬,gei1,1
姻,jan1,9
姿,zi1,18
威,waai1,2
威,wai1,84
娃,waa1,15
娃,waa4,2
娉,ping1,1
娌,lei5,1
娓,mei5,2
娘,loeng1,3
娘,loeng2,1
娘,noeng1,1
娘,noeng2,6
娘,noeng4,33
娛,jyu4,13
娜,naa4,1
娜,no2,1
娜,no5,1
娟,gyun1,1
娥,ngo4,2
娩,min5,1
娶,ceoi2,9
娶,cou2,4
娼,coeng1,6
娿,o1,2
婀,o2,2
婄,pau3,7
婆,po1,5
婆,po2,55
婆,po4,88
婉,jyun2,7
婊,biu2,2
婚,fan1,51
婢,pei5,3
婦,fu5,42
婦,pou5,4
婪,laam4,2
婷,ting4,2
婿,sai3,5
媌,maau4,1
媒,mui2,2
媒,mui4,23
媚,mei4,6
媚,mei6,4
媛,wun4,2
媲,bei2,2
媳,sik1,6
媽,maa1,55
媽,maa2,1
媽,maa4,3
媽,maa5,6
媾,gau3,1
媾,kau1,6
嫁,gaa3,23
嫂,sou2,13
嫉,zat6,4
嫋,niu1,5
嫋,niu5,1
嫌,jim4,14
嫖,piu4,7
嫗,jyu2,1
嫡,dik1,4
嫣,jin1,3
嫦,soeng4,2
嫩,nyun6,15
嫪,gaau6,1
嫰,nyun6,1
嫲,maa4,5
嫵,mou4,1
嫺,haan4,2
嫻,haan4,2
嬅,waa4,1
嬉,hei1,9
嬋,sim4,2
嬌,giu1,18
嬡,oi2,1
嬪,ban3,1
嬪,pan4,1
嬰,jing1,9
嬲,lau1,3
嬲,lau2,1
嬲,nau1,11
嬸,sam2,7
孀,soeng1,2
孃,noeng2,1
孃,noeng4,3
孌,lyun2,1
子,zi2,426
孑,kit3,3
孓,kyut3,1
孔,hung1,1
孔,hung2,25
孕,jan6,15
孖,maa1,50
字,zi2,1
字,zi6,206
存,cyun4,60
孚,fu1,2
孜,zi1,3
孝,haau3,16
孟,maang6,4
季,gwai3,30
孤,gu1,41
孩,haai4,13
孫,syun1,28
孭,me1,15
孰,suk6,2
孱,saan4,2
孳,zi1,3
孵,fu1,3
學,hok2,1
學,hok6,257
孺,jyu4,4
孻,laai1,11
孽,jip6,5
孽,jit6,1
孿,lyun1,1
孿,lyun4,1
宀,min4,1
它,taa1,3
宅,zaak2,7
宅,zaak6,8
宇,jyu5,9
守,sau2,77
安,on1,154
宋,sung3,5
完,jyun4,38
宏,wang4,7
宕,dong6,1
宗,zung1,23
官,gun1,107
宙,zau6,3
定,deng2,1
定,deng6,8
定,ding2,6
定,ding6,191
宛,jyun1,1
宛,jyun2,4
宜,ji2,4
宜,ji4,26
客,haak2,1
客,haak3,114
宣,syun1,20
室,sat1,59
宦,waan6,2
宮,gung1,28
宰,zoi2,7
害,hoi6,53
宴,jin3,25
宵,siu1,13
家,gaa1,371
家,gaa4,1
家,gaa6,3
容,jung4,87
宿,sau3,1
宿,suk1,29
寂,zik6,13
寄,gei3,30
寅,jan4,2
密,mat6,89
寇,kau3,3
富,fu3,52
寐,mei6,3
寒,hon4,57
寓,jyu6,6
寞,mok6,3
察,caat3,27
寡,gwaa2,31
寢,cam2,10
寥,leu1,4
寥,liu1,4
寥,liu4,7
實,sat6,191
寧,ning4,21
寨,zaai2,1
寨,zaai6,9
審,sam2,41
寫,se2,50
寬,fun1,23
寮,liu2,1
寮,liu4,6
寰,waan4,3
寵,cung2,23
寶,bou2,90
寶,bou4,1
寸,cyun3,34
寺,zi2,5
寺,zi6,5
封,fung1,67
封,pung1,2
射,se6,56
將,zoeng1,30
將,zoeng3,30
專,zyun1,68
尉,wai3,1
尊,zyun1,29
尋,cam4,38
對,deoi2,3
對,deoi3,148
導,dou6,63
小,siu2,271
尐,di1,1
少,siu2,76
少,siu3,27
尖,zim1,60
尚,soeng2,7
尚,soeng6,17
尤,jau4,13
尬,gaai3,2
就,a6,1
就,zau6,111
尷,gaam3,4
尸,si1,2
尹,wan5,1
尺,ce1,5
尺,cek2,1
尺,cek3,38
尻,gau1,4
尼,nei1,2
尼,nei4,58
尼,ni1,1
尾,mei1,28
尾,mei5,172
尿,niu6,62
局,guk2,25
局,guk6,75
屁,pei3,22
屄,bei1,1
屄,hai1,2
居,geoi1,64
居,goe1,1
屆,gaai3,8
屈,gwat6,1
屈,wat1,40
屋,uk1,74
屌,diu2,30
屍,si1,47
屎,si2,182
屏,bing2,6
屏,peng1,1
屏,ping4,15
屐,kek6,9
屐,ket4,2
屑,sit3,4
展,zin2,47
屘,mei1,4
屘,mei5,1
屙,ngo1,3
屙,o1,28
屜,tai3,1
屠,tou4,7
屢,leoi5,7
層,cang4,44
履,lei5,6
屬,suk6,41
屯,tyun4,6
山,saan1,260
屹,gat4,4
屹,gat6,5
屹,ngat6,4
岋,ngap6,1
岌,ap6,1
岌,kap1,2
岌,ngap6,8
岑,sam4,1
岔,caa1,1
岔,caa3,3
岡,gong1,4
岩,ngaam4,13
岳,ngok6,10
岸,ngon6,26
峇,baa1,2
峋,seon1,1
峒,dung6,1
峒,tung4,1
峙,ci5,1
峙,si6,1
峙,zi6,1
峭,ciu3,2
峯,fung1,10
峰,fung1,14
島,dou2,36
峻,zeon3,5
峽,haap6,6
峽,hap6,4
崇,sung4,9
崎,kei1,1
崎,kei4,1
崑,kwan1,1
崔,ceoi1,1
崖,ngaai4,8
崗,gong1,12
崙,leon4,3
崛,gwat6,2
崢,zang1,1
崧,sung1,1
崩,baang1,2
崩,bang1,53
崽,doi1,1
崽,zoi1,1
嵌,ham3,2
嵌,ham6,2
嵐,laam4,1
嵩,sung1,1
嶄,zaam2,2
嶄,zaam3,2
嶇,keoi1,1
嶙,leon4,1
嶺,leng5,13
嶺,ling5,10
嶼,jyu4,3
嶼,zeoi6,2
嶽,ngok6,1
巉,caam4,9
巉,caam5,5
巒,lyun4,1
巔,din1,2
巖,ngaam4,9
川,cyun1,9
州,zau1,32
巡,ceon4,19
巢,caau4,25
工,gung1,199
左,zo1,2
左,zo2,54
巧,haau2,36
巧,kiu2,1
巨,geoi6,20
巫,mou4,10
差,caa1,67
差,caai1,28
差,ci1,3
己,gei1,7
己,gei2,38
己,gi1,2
己,gi2,2
己,gi6,2
已,ji5,26
巳,zi6,1
巴,baa1,121
巴,baa2,1
巴,paa4,5
巷,hong2,7
巷,hong6,17
巾,gan1,27
市,si2,1
市,si5,116
市,si6,2
布,bou3,93
布,bou6,1
帆,faan4,10
希,hei1,8
帑,tong2,1
帕,paak3,3
帖,tip2,8
帖,tip3,4
帚,zaau2,2
帚,zau2,2
帛,baak6,4
帝,dai3,34
帥,seoi3,12
師,si1,143
席,zek6,5
席,zik6,36
帳,zoeng3,36
帶,daai2,45
帶,daai3,67
帶,dai3,1
帷,wai4,2
常,soeng4,84
帽,mou2,36
帽,mou6,4
幀,zing3,2
幃,wai4,1
幄,aak1,1
幅,fuk1,17
幌,fong2,2
幕,mok6,35
幗,gwok3,2
幛,zoeng3,1
幟,ci3,4
幡,faan1,6
幢,dung6,5
幢,tong4,1
幢,zong6,1
幣,bai6,28
幫,bong1,39
干,gon1,23
平,peng4,9
平,ping4,179
年,nin2,11
年,nin4,200
并,bing6,1
幸,hang6,26
幹,gon3,27
幺,jiu1,2
幻,waan6,22
幼,jau3,26
幽,jau1,21
幾,gei1,3
幾,gei2,97
庇,bei3,8
序,zeoi6,23
底,dai1,1
底,dai2,189
庖,paau4,1
店,dim3,44
庚,gaang1,1
庚,gang1,4
府,fu2,21
度,dok6,21
度,dou2,5
度,dou6,142
座,zo2,4
座,zo6,72
庫,fu3,23
庭,ting3,4
庭,ting4,38
庵,am1,3
庶,syu3,5
康,hong1,16
庸,jung4,15
庹,dok6,1
庾,jyu4,1
廁,ci3,30
廂,soeng1,6
廈,haa5,1
廈,haa6,12
廉,lim1,5
廉,lim2,1
廉,lim4,17
廊,long2,1
廊,long4,5
廓,kwok3,1
廖,liu6,1
廚,ceoi4,7
廚,cyu2,7
廚,cyu4,28
廝,si1,5
廟,miu2,17
廟,miu6,4
廠,cong2,28
廢,fai3,45
廣,gwong2,54
廬,lou4,6
廳,teng1,15
延,jin4,20
廷,ting4,7
廹,baak1,3
建,gin3,53
廿,a6,1
廿,jaa6,10
廿,je6,1
弄,lung3,2
弄,lung6,29
弈,jik6,1
弊,bai6,22
弋,jik6,1
式,sik1,79
弒,si3,4
弓,gung1,15
弔,diu3,6
引,jan5,72
弗,fat1,7
弗,fit1,8
弘,wang4,3
弛,ci4,3
弟,dai2,7
弟,dai4,2
弟,dai6,33
弟,di2,3
弟,di4,2
弦,jin4,18
弦,jyun4,10
弧,wu4,9
弩,nou5,2
弭,mei5,1
弮,gung1,1
弱,joek6,48
張,zoeng1,51
弶,gong3,1
弶,gong6,4
強,goeng6,2
強,koeng2,2
強,koeng4,74
強,koeng5,26
弼,bat6,1
彆,bit3,1
彈,daan2,60
彈,daan6,35
彈,taan4,16
彊,koeng4,1
彌,mei4,8
彌,nei1,2
彌,nei4,15
彎,waan1,18
彎,waang1,3
彗,seoi6,1
彙,wui6,4
彝,ji4,1
形,jing4,101
彤,tung4,1
彥,jin6,1
彩,coi2,45
彪,biu1,3
彫,diu1,2
彬,ban1,5
彭,paang4,1
彰,zoeng1,7
影,jing2,95
彳,cik1,3
彳,cit1,2
彷,fong2,2
役,jik6,13
彼,bei2,13
彿,fat1,1
往,wong5,56
征,zing1,10
待,doi6,53
徇,seon1,3
徇,seon6,1
很,han2,2
徊,wui4,1
律,leot2,8
律,leot6,41
後,hau1,1
後,hau6,207
徐,ceoi4,5
徑,ging3,20
徒,tou4,35
得,dak1,372
得,dat1,6
徘,pui4,1
徙,saai2,4
從,cung4,68
從,sung1,3
徠,loi4,2
御,jyu6,6
徨,wong4,1
復,fau6,4
復,fuk1,1
復,fuk6,56
循,ceon4,20
徬,pong4,1
微,mei1,5
微,mei4,49
徵,zi2,1
徵,zing1,22
德,dak1,64
徹,cit3,13
徽,fai1,7
心,sam1,662
心,san1,1
忄,sam1,1
必,bit1,46
忌,gei2,2
忌,gei6,31
忍,jan2,40
忐,taan2,2
忑,tik1,2
忖,cyun2,3
志,zi3,49
忘,mong4,36
忙,mong4,28
忟,mang2,4
忠,zung1,28
忡,cung1,2
忤,ng5,2
忪,sung1,4
快,faai1,1
快,faai3,100
忱,sam4,1
忳,tan2,1
忳,tan4,5
念,nim6,44
忽,fat1,47
忿,fan5,8
忿,fan6,4
怎,zam2,4
怒,nou6,28
怒,nu1,1
怔,zing1,1
怕,paa3,38
怖,bou3,11
思,sei3,1
思,si1,89
思,si3,5
怠,toi5,4
怡,ji4,6
急,gap1,79
怦,ping1,1
性,sing3,159
怨,jyun3,30
怪,gwaai2,2
怪,gwaai3,65
怪,gwai3,2
怯,hip3,6
恃,ci5,8
恆,hang4,16
恍,fong2,6
恐,hung2,36
恒,hang4,7
恕,syu3,6
恙,joeng6,5
恢,fui1,3
恣,zi3,1
恤,seot1,16
恥,ci2,19
恨,han6,28
恩,jan1,34
恪,kok3,2
恫,dung6,1
恬,tim4,1
恬,tim5,1
恭,gung1,23
息,sak1,1
息,sik1,66
恰,hap1,14
恿,jung2,1
悄,ciu3,7
悉,sik1,12
悍,hon5,7
悒,ngap1,1
悔,fui3,20
悖,bui3,1
悖,bui6,1
悖,but6,1
悚,sung2,1
悟,ng4,1
悟,ng6,11
悠,jau4,14
患,waan6,33
悦,jyut6,12
您,nei5,1
悱,fei2,1
悲,bei1,25
悴,seoi5,1
悴,seoi6,1
悵,coeng3,1
悵,zoeng3,3
悶,mun6,25
悸,gwai3,5
悼,dou6,6
悽,cai1,4
情,cing2,1
情,cing4,246
惆,cau4,1
惋,jyun2,2
惑,waak6,22
惕,tik1,2
惘,mong5,3
惚,fat1,2
惜,sek3,4
惜,sik1,20
惟,wai4,6
惠,wai6,20
惡,ngok3,7
惡,ngok6,1
惡,ok3,81
惡,wu3,10
惦,dim3,4
惰,do6,4
惱,naau1,1
惱,nou5,9
想,soeng2,71
惴,zeoi3,2
惶,wong4,8
惹,je5,13
惺,sing1,8
惻,caak1,1
惻,cak1,3
愁,sau4,14
愈,jyu6,6
愈,jyut6,6
愉,jyu4,1
愉,jyu6,3
愎,bik1,1
意,ji1,1
意,ji2,4
意,ji3,246
意,ji5,1
愕,ngok6,7
愚,jyu4,9
愛,oi3,102
愜,hip3,1
感,gam2,143
愣,ling6,1
愧,kwai5,11
愩,gung3,3
愾,koi3,1
慄,leot6,5
慄,lyut6,1
慇,jan1,1
慈,ci4,22
態,taai3,46
慌,fong1,19
慎,san6,11
慕,mou6,15
慕,mu1,1
慘,caam2,31
慚,caam4,4
慟,dung6,1
慢,maan1,4
慢,maan2,5
慢,maan6,50
慣,gwaan3,23
慧,wai3,6
慧,wai6,6
慨,koi3,9
慫,sung2,2
慮,leoi6,13
慰,wai3,18
慰,wai6,1
慳,haan1,20
慶,hing3,21
慶,hing4,1
慷,hong1,2
慷,hong2,4
慾,juk6,22
憂,jau1,30
憊,baai6,1
憊,bei6,1
憋,bit3,1
憎,zang1,9
憎,zang2,2
憐,lin4,18
憑,bang6,5
憑,beng6,1
憑,pang4,18
憑,peng1,4
憔,ciu4,2
憚,daan6,2
憤,fan5,16
憧,cung1,1
憧,tung4,1
憩,hei3,3
憫,man5,3
憬,ging2,2
憮,mou5,1
憲,hin3,14
憶,jik1,15
憾,ham6,8
懂,dung2,5
懃,kan4,1
懇,han2,5
懈,haai6,7
應,jing1,16
應,jing3,99
懊,ou3,2
懞,mung1,1
懦,no6,6
懲,cing4,12
懵,mung2,43
懶,laan2,10
懶,laan5,38
懷,waai4,39
懸,jyun4,21
懺,caam3,3
懼,geoi6,9
懾,sip3,5
戀,lyun2,38
戀,lyun5,1
戇,ngong6,18
戇,zong3,1
戈,go1,2
戈,gwo1,9
戊,mou6,1
戌,seot1,5
戍,syu3,3
戎,jung4,5
成,seng2,1
成,seng4,19
成,sing2,2
成,sing4,197
我,ngo5,51
戒,gaai3,28
戕,coeng4,1
或,waak6,9
戙,dung6,16
戚,cik1,19
戟,gik1,1
戟,kik1,2
戥,dang2,1
戥,dang6,10
截,zit3,4
截,zit6,24
戮,luk6,2
戰,zin3,137
戲,hei1,2
戲,hei2,1
戲,hei3,86
戳,cok1,2
戳,cok3,3
戳,cop1,1
戴,daai3,30
户,wu6,41
戽,fu3,3
戾,lai2,7
戾,leoi6,3
房,fong2,42
房,fong4,64
所,so2,125
扁,bin2,17
扁,pin1,1
扅,ji4,1
扇,sin3,21
扈,wu6,2
扉,fei1,3
扊,jim5,1
手,sau2,567
扌,sau2,1
才,coi2,2
才,coi4,47
扎,zaat3,18
扎,zaat6,1
扐,fik6,1
扐,lik1,1
扑,bok1,13
扑,pok3,1
扒,paa2,21
扒,paa3,2
扒,paa4,20
打,daa1,4
打,daa2,515
扔,jing4,2
扔,wing1,2
托,tok3,48
扚,dik1,3
扛,gong1,1
扠,caa2,1
扠,caa5,3
扣,kau3,36
扤,at1,1
扤,ngaat6,1
扤,ngan3,3
扤,ngat1,2
扭,nau2,37
扮,baan3,4
扮,baan6,33
扯,ce2,39
扱,gap6,1
扱,kap1,6
扲,am4,1
扲,ngam4,2
扳,baan2,5
扳,maan1,2
扳,maang1,1
扶,fu4,21
扶,fu6,1
批,pai1,56
扻,ham2,2
扻,kam2,1
扼,aak1,4
扼,ak1,4
扽,dan3,6
找,zaau2,16
承,sing4,39
承,sing6,1
技,gei6,45
抄,caau1,21
抆,man2,3
抆,man3,3
抆,man5,2
抉,kyut3,1
把,baa2,77
把,baang2,2
抌,dam2,12
抑,jik1,11
抒,syu1,4
抓,waa2,2
抓,zaau2,4
投,tau4,71
抖,dau2,4
抖,dau3,1
抖,tau2,10
抗,kong3,26
折,zit3,52
抦,bing2,1
抨,ping4,2
披,pei1,16
抬,toi4,16
抰,joeng1,1
抰,joeng2,5
抱,pou5,39
抳,nei4,1
抵,dai2,56
抹,maat3,7
抹,mut3,11
抹,mut6,4
押,aap3,4
押,aat3,23
押,ngaat3,1
抽,cau1,72
抽,jau1,2
抿,man2,2
抿,man5,2
拂,fat1,3
拃,zaa6,7
拆,caak3,54
拇,mou5,2
拈,lim1,1
拈,nim1,4
拉,laa1,4
拉,laai1,122
拉,laai4,1
拋,paau1,24
拌,bun6,4
拍,paak2,4
拍,paak3,58
拍,paat1,1
拎,ling1,5
拏,naa2,1
拏,naa4,1
拐,gwaai2,11
拑,kem4,1
拑,kim4,1
拒,keoi5,15
拓,taap3,1
拓,tok3,6
拔,bat4,3
拔,bat6,22
拔,mat6,1
拖,to1,62
拗,aau1,1
拗,aau2,5
拗,aau3,8
拗,aau4,1
拗,ngaau1,1
拗,ngaau2,7
拗,ngaau3,3
拗,ngaau4,1
拗,ngaau5,3
拘,keoi1,19
拙,zyut3,6
拙,zyut6,5
拚,ping3,1
拚,pun2,4
拚,pun3,5
招,zeu1,4
招,ziu1,82
拜,baai1,3
拜,baai3,69
拞,jau1,2
括,kut3,24
拭,sik1,3
拮,gat1,3
拮,git3,1
拯,cing2,3
拱,gung2,11
拳,kyun2,6
拳,kyun4,32
拷,haau1,4
拷,haau2,2
拼,peng1,5
拼,ping1,1
拼,ping3,13
拼,pun2,1
拼,pun3,1
拾,saap6,2
拾,sap6,19
拿,laa2,5
拿,laa4,5
拿,laa5,1
拿,naa2,2
拿,naa4,31
拿,naa5,1
持,ci2,1
持,ci4,49
挃,zat1,1
指,zi2,132
挈,hit3,1
挈,kit3,2
按,on3,26
挐,laa1,2
挐,naa1,5
挑,tiu1,28
挑,tiu2,1
挖,waa1,1
挖,waat2,1
挖,waat3,6
挘,lyut3,2
挨,aai1,20
挨,ngaai4,1
挨,ngai1,1
挪,no4,4
挫,co3,8
挭,gaang3,3
振,zan3,18
挱,saa3,1
挲,saa3,1
挹,jap1,3
挺,ting2,6
挺,ting5,12
挼,no4,1
挽,maan1,1
挽,waan2,3
挽,waan5,7
挾,gip6,3
挾,hip3,2
捃,gwan2,1
捅,tung2,1
捆,kwan2,4
捉,zuk1,40
捋,lyut1,3
捋,lyut3,2
捋,lyut6,1
捌,baat3,1
捍,hon2,2
捍,hon5,2
捍,hon6,1
捏,nip6,4
捐,gyun1,19
捕,bou6,26
捧,bung2,3
捧,pung2,8
捨,se2,18
捩,lai2,3
捩,lai6,1
捩,le2,2
捩,leoi6,1
捩,lit6,2
捫,mun4,1
据,geoi3,1
捱,ngaai4,17
捲,gyun2,13
捵,din2,5
捶,ceoi4,2
捷,zit3,14
捷,zit6,3
捺,naat6,1
捻,lim1,1
捻,nin2,1
捽,zeot1,5
掀,hin1,6
掁,caang4,3
掂,dim3,2
掂,dim6,33
掃,sou2,2
掃,sou3,46
掅,cing3,1
授,sau6,18
掉,deu6,2
掉,diu2,3
掉,diu4,1
掉,diu6,18
掉,tiu2,1
掉,tiu4,1
掌,zoeng2,50
掏,tou4,5
掐,nin2,1
排,paa2,2
排,paai2,15
排,paai3,2
排,paai4,92
掕,lang3,13
掕,nang3,4
掖,jik6,1
掖,jip3,2
掗,aa6,3
掗,ngaa6,11
掘,gwak6,4
掘,gwang6,2
掘,gwat6,22
掙,zaang1,1
掙,zaang6,2
掙,zang1,5
掛,gwaa2,1
掛,gwaa3,53
掟,deng3,10
掠,loek1,4
掠,loek6,9
採,coi2,15
探,taam3,42
探,tam3,1
掣,zai3,19
接,zip3,94
控,hung3,32
推,teoi1,69
掩,jim2,26
措,cou3,11
掬,guk1,4
掭,tim5,1
掯,kang3,1
掰,baai1,2
掰,baai3,1
掱,paa4,1
掹,maan1,3
掹,maang1,4
掹,mang1,18
掹,mang3,2
掹,mang4,2
掽,baan6,1
揀,gaan2,9
揄,jau1,2
揄,jyu4,1
揆,kwai4,4
揆,kwai5,2
揇,laam3,2
揇,naam3,3
揇,naam5,1
揈,fang2,1
揈,fang4,5
揈,fing3,1
揈,fing6,12
揉,jau4,4
揍,zau3,1
描,miu4,12
提,tai4,75
插,caap3,52
揖,jap1,3
揗,tan2,1
揗,tan4,14
揗,tang4,1
揚,joeng2,7
揚,joeng4,41
換,wun6,45
揞,am2,4
揞,am6,1
揞,ngam2,1
揠,aat3,1
握,aak1,11
握,ak1,9
握,ngak1,2
揢,kak1,2
揣,cyun2,5
揤,zeot1,1
揦,laa2,20
揦,laa5,2
揦,naa2,3
揦,naa4,1
揩,haai1,13
揪,cau1,9
揪,zau1,2
揭,gat1,1
揭,kit3,12
揮,fai1,25
援,wun4,21
揶,je4,2
揸,zaa1,47
揹,bui3,1
揼,dam1,6
揼,dam2,12
揼,dam3,3
揼,dam4,3
揼,dam6,2
揼,dap1,1
揼,dap6,14
揾,wan2,57
搉,kok1,1
搋,caai1,1
搋,ci2,1
損,syun2,21
搏,bok3,31
搐,cuk1,1
搓,caai1,4
搓,co1,5
搔,sou1,2
搖,jiu2,1
搖,jiu4,38
搗,dou2,5
搜,sau2,18
搞,gaau2,71
搣,mit1,8
搣,mit6,2
搥,ceoi2,1
搥,ceoi4,4
搦,nik1,3
搪,tong2,2
搪,tong4,2
搬,bun1,14
搭,daap3,58
搭,daap6,5
搰,wat6,2
搲,waa2,4
搲,we2,5
搲,we5,2
搶,coeng1,1
搶,coeng2,35
搽,caa4,5
搾,zaa3,3
摀,wu1,3
摎,laau2,1
摏,zung1,1
摑,gwaak3,2
摑,gwaat3,1
摑,gwak6,2
摑,gwang6,2
摒,bing2,3
摔,seot1,5
摘,zaak6,10
摙,lin2,3
摙,lin5,1
摜,gwaan3,1
摞,leoi1,3
摞,leoi2,1
摟,lau1,3
摟,lau2,1
摟,lau3,5
摟,lau5,2
摥,tong3,3
摧,ceoi1,4
摩,mo1,48
摩,mo2,1
摯,zi3,5
摱,maan1,5
摱,maang1,1
摳,aau1,1
摳,jau1,2
摳,kau1,3
摵,cik1,3
摷,caau3,1
摸,mo1,15
摸,mo2,36
摹,mou4,1
摹,mou6,2
摺,zip3,19
摻,cam1,1
摼,hang1,1
撇,pit3,16
撈,laau1,6
撈,laau2,4
撈,laau4,7
撈,laau6,1
撈,lou1,49
撍,cim4,2
撏,cim4,2
撐,caang1,11
撐,caang3,11
撐,zaang6,5
撑,caang1,1
撑,caang3,3
撑,zaang6,5
撒,saat3,20
撓,aau1,2
撓,jaau1,2
撓,naau4,5
撓,naau5,1
撓,ngaau1,1
撕,si1,7
撚,lan2,21
撚,nan2,9
撚,nin2,2
撜,dang1,1
撞,zong2,2
撞,zong6,47
撟,giu2,1
撠,kak1,1
撠,kik1,2
撤,cit3,17
撥,but6,19
撥,put3,2
撥,put6,1
撦,ce1,1
撨,giu2,1
撩,leu2,1
撩,leu5,1
撩,liu1,9
撩,liu2,1
撩,liu4,7
撫,fu2,11
撬,giu6,6
撬,kiu3,1
撬,kiu5,1
播,bo3,28
撮,cyut3,5
撰,zaan3,7
撰,zaan6,6
撲,pok3,23
撳,am6,1
撳,gam6,15
撻,daat3,4
撻,taak1,1
撻,taat1,23
撻,taat3,10
撻,taat6,6
撻,tet6,4
撼,ham2,3
撼,ham6,5
撾,wo1,1
撿,gim2,2
擁,jung2,19
擁,ngung2,1
擁,ung2,2
擂,leoi1,2
擂,leoi4,11
擂,leoi6,1
擄,lou5,3
擅,sin6,8
擇,zaak6,27
擊,gik1,65
擋,dong2,11
擋,dong3,1
操,cou1,33
操,cou3,4
擎,keng4,3
擎,king4,4
擏,geng6,4
擒,kam2,1
擒,kam4,24
擔,daam1,40
擔,daam3,11
擔,daam6,2
擗,pek6,2
擗,pet6,1
擘,maak1,2
擘,maak3,11
擙,ngou1,1
擙,ou1,1
據,geoi3,38
擝,mang1,9
擝,mang4,2
擠,zai1,10
擢,cok3,3
擢,zok6,1
擤,sang3,3
擦,caak4,1
擦,caat2,2
擦,caat3,30
擦,caat4,1
擪,jaap3,2
擪,jaap6,2
擬,ji4,5
擬,ji5,11
擯,ban3,3
擰,ning2,1
擰,ning6,20
擱,gok3,4
擲,caat3,1
擲,zaak6,11
擳,zit1,5
擴,kwok3,10
擴,kwong3,12
擷,git3,1
擷,kit3,2
擸,laap3,13
擺,baai2,51
擻,sau2,2
擾,jiu2,18
擾,jiu5,1
攀,paan1,11
攊,lik1,2
攊,nik1,1
攋,laai2,2
攋,laai6,2
攏,lung2,3
攏,lung5,3
攔,laan4,8
攘,joeng5,2
攘,joeng6,1
攙,caam1,3
攜,kwai4,8
攝,sip1,1
攝,sip3,24
攞,lo1,1
攞,lo2,50
攢,cyun4,1
攢,zaan2,1
攣,lyun1,9
攣,lyun4,2
攤,taan1,31
攪,gaau2,53
攪,gaau4,1
攪,gaau6,2
攬,laam2,16
攬,laam5,7
支,zi1,78
攰,gui6,3
攵,pok3,1
收,sau1,181
攸,jau4,2
改,goi2,64
攻,gung1,37
放,fong3,134
政,zing3,101
故,gu2,10
故,gu3,45
效,haau6,53
敍,zeoi6,10
敏,man5,13
救,gau3,69
敕,cik1,5
敖,ngou4,1
敖,ngou6,1
敗,baai6,62
教,gaau3,153
敝,bai6,3
敞,cong2,2
敞,tong2,1
敢,gam2,12
散,saan2,64
散,saan3,48
散,saan4,1
敦,deon1,12
敨,tau2,1
敬,ging3,41
敲,haau1,15
敲,hau1,1
敲,hau4,1
整,zing2,77
敵,dik6,41
敷,fu1,8
數,sou2,22
數,sou3,249
斂,lim2,3
斂,lim5,4
斂,lim6,1
斃,bai6,10
文,man1,1
文,man2,38
文,man4,206
斌,ban1,1
斐,fei2,3
斑,baan1,23
斕,laan4,1
斗,dau2,61
料,liu2,73
料,liu6,26
斛,hap6,1
斜,ce2,2
斜,ce3,20
斜,ce4,12
斟,zam1,9
斟,zam4,3
斡,waat3,1
斤,gan1,16
斥,cik1,16
斧,fu2,12
斫,doek3,1
斬,zaam2,36
斯,si1,89
新,sam1,4
新,san1,176
斲,doek3,4
斵,doek3,1
斷,dyun3,9
斷,dyun6,46
斷,tyun5,41
方,fong1,138
於,jyu1,105
施,si1,48
旁,pong4,32
旅,leoi5,29
旋,syun4,24
族,zuk6,39
旗,kei4,59
旛,faan1,2
既,ge3,1
既,gei3,12
日,jat2,12
日,jat6,224
日,mat6,5
旦,daan2,2
旦,daan3,9
旦,daan6,7
旨,zi2,13
早,zou2,86
旬,ceon4,4
旭,juk1,2
旮,kaa1,1
旮,laa1,1
旯,kaa1,1
旯,laa1,1
旱,hon5,8
旺,wong6,22
昂,ngong4,6
昂,ngong5,7
昆,kwan1,7
昇,sing1,8
昌,coeng1,5
明,ming2,1
明,ming4,193
昏,fan1,18
昏,wan1,4
易,ji6,30
易,jik6,26
昔,sik1,6
星,sing1,148
映,jing2,13
春,ceon1,75
昧,mei6,3
昧,mui6,6
昨,zok3,4
昨,zok6,5
昭,ciu1,5
是,si6,112
時,si1,1
時,si2,17
時,si4,266
晃,fong2,5
晉,zeon3,8
晌,hoeng2,1
晏,aan3,13
晒,saai1,1
晒,saai3,59
晒,saai4,8
晚,maan1,12
晚,maan5,70
晝,zau3,10
晤,ng4,1
晤,ng6,3
晦,fui3,8
晨,san4,14
普,bou2,2
普,pou2,32
景,geng2,1
景,ging2,54
晰,sik1,2
晴,cing4,10
晶,zing1,12
晷,gwai2,1
智,zi3,48
晾,long3,7
晾,long6,7
暄,hyun1,1
暇,haa1,1
暇,haa4,3
暇,haa6,4
暈,wan4,19
暉,fai1,1
暑,syu2,22
暖,lyun5,1
暖,nyun5,40
暗,am3,76
暢,coeng3,19
暨,kei3,1
暫,zaam6,14
暮,mou6,4
暱,nik1,4
暴,bou6,53
暹,cim3,2
曆,lik6,25
曇,taam4,1
曉,hiu1,1
曉,hiu2,11
曖,oi2,1
曙,cyu5,1
曝,bou6,7
曠,kwong3,11
曦,hei1,2
曬,saai3,26
曰,joek6,1
曱,gaat6,4
曱,zaat2,3
曲,kuk1,70
曳,jai1,6
曳,jai4,3
曳,jai5,2
曳,jai6,2
更,ang3,1
更,gaang1,43
更,gang1,20
更,gang3,8
曷,hot3,2
書,syu1,163
曹,cou4,5
曼,maan6,11
曾,cang4,9
曾,jang4,1
曾,zang1,5
替,tai3,24
最,zeoi3,24
會,wui2,140
會,wui5,9
會,wui6,72
月,juk6,1
月,jyut2,15
月,jyut6,134
有,jau5,578
朋,paang2,1
朋,pang4,28
服,fuk6,89
朔,sok3,5
朔,sou3,1
朕,zam6,2
朗,long5,17
朘,zoe1,3
朘,zoe4,1
望,mong6,95
朝,ciu4,22
朝,ziu1,44
期,kei4,138
朦,mung4,2
朧,lung4,1
木,muk1,3
木,muk6,97
未,mei6,87
末,mut6,28
本,bun2,153
札,zaap3,3
札,zaat3,1
朱,zyu1,14
朴,po1,1
朴,pok3,3
朵,do2,14
朵,doe1,1
朵,doe2,2
朵,doe6,1
朽,jau2,1
朽,naau2,2
朽,nau2,6
朽,nau5,3
杆,gon1,7
杈,caa1,3
杈,caa5,2
杉,caam3,8
李,lei2,3
李,lei5,18
杏,hang6,17
材,coi4,49
村,cyun1,25
杖,zoeng2,7
杖,zoeng6,5
杜,dou6,13
杞,gei2,4
束,cuk1,20
杧,mong1,1
杬,laam2,3
杭,hong4,2
杯,bui1,43
杰,git6,5
東,dung1,90
杳,miu5,2
杵,cyu2,2
杵,cyu5,1
杷,paa4,2
松,cung4,18
板,baan2,149
枇,pei4,2
枉,wong2,13
析,sik1,9
枕,zam2,22
林,lam2,1
林,lam4,55
枚,mui2,1
枚,mui4,2
果,gu2,1
果,gwo2,94
枝,zi1,48
枯,fu1,18
枱,toi2,48
枱,toi4,8
枳,zat1,5
枴,gwaai2,5
架,gaa2,42
架,gaa3,48
架,gaa4,2
枷,gaa1,3
枸,gau2,1
柄,bek3,1
柄,beng3,20
柄,bing3,1
柏,baak3,1
柏,paak3,12
柏,paat1,1
某,mau5,10
柑,gam1,8
柒,cat1,1
柒,cat6,30
染,jim5,29
柔,jau4,18
柚,jau2,10
柜,gwai2,1
柢,dai2,6
查,caa3,1
查,caa4,64
查,zaa1,1
柩,gau3,3
柬,gaan2,3
柯,o1,7
柱,cyu5,26
柳,lau5,33
柴,caai4,61
柵,caak3,2
柵,saan1,1
柿,ci2,8
栓,saan1,4
栗,leot2,1
栗,leot6,3
校,gaau3,11
校,haau6,68
栢,paak3,1
栩,heoi2,2
株,zyu1,3
核,hat6,37
核,wat2,2
核,wat6,9
根,gan1,74
格,gaak2,2
格,gaak3,99
栽,zoi1,4
桁,haang4,1
桁,hong4,2
桂,gwai3,15
桃,tou2,10
桃,tou4,26
框,kwaak1,10
框,kwaang1,9
案,ngon3,1
案,on3,63
桌,coek3,11
桌,zoek3,6
桎,zat6,1
桐,tung4,6
桑,song1,9
桓,wun4,1
桔,gat1,13
桶,tung2,17
桷,gok3,1
桿,gon1,7
桿,gon2,1
桿,gon3,1
梁,loeng4,5
梅,mui2,4
梅,mui4,18
梆,bong1,1
梏,guk1,1
梓,zi2,1
梗,gang2,16
梗,kwaang2,1
梘,gaan2,10
條,diu1,1
條,tiu2,29
條,tiu4,97
梟,hiu1,4
梢,saau1,3
梧,ng4,2
梨,lai4,1
梨,lei2,17
梨,lei4,12
梨,lei6,1
梭,so1,3
梯,tai1,19
械,gaai5,1
械,haai6,15
械,kaai3,2
械,kaai4,2
梱,kwan2,2
梳,so1,37
梵,faan4,5
棄,he3,2
棄,hei3,39
棉,min4,19
棋,kei2,16
棋,kei4,11
棍,gwan2,1
棍,gwan3,40
棒,paang5,13
棕,zung1,5
棖,caang4,3
棗,zou2,7
棘,gik1,4
棘,kik1,8
棘,kik4,2
棚,paang2,4
棚,paang4,25
棟,dung6,11
棠,tong4,3
棧,zaan2,5
森,sam1,13
棯,nim1,5
棱,lang1,1
棱,lang5,1
棱,ling4,3
棲,cai1,6
棵,po1,1
棹,zaau6,3
棹,zau6,1
棺,gun1,21
椅,ji2,19
植,zik6,16
椎,zeoi1,4
椏,aa1,2
椒,ziu1,19
椗,ding3,5
椗,ding4,1
椰,je2,1
椰,je4,17
楂,zaa1,2
楊,joeng4,7
楓,fung1,5
楔,sit3,2
楚,co2,19
楞,ling4,1
楠,naam4,1
楣,mei4,3
業,jip6,100
極,gik6,67
楷,gaai1,4
楷,kaai2,5
概,koi2,1
概,koi3,17
榃,dam4,3
榔,long4,1
榕,jung4,4
榛,zeon1,2
榜,bong2,15
榨,zaa3,7
榪,maa5,1
榫,seon2,2
榮,wing4,29
榴,lau2,1
榴,lau4,2
榷,kok3,1
榻,taap3,4
槃,pun4,1
構,gau3,19
構,kau3,19
槌,ceoi2,2
槌,ceoi4,7
槍,coeng1,63
槐,waai4,4
槓,gong1,1
槓,gong3,9
槓,gong6,4
槓,gung3,2
槓,lung2,1
槤,lin4,1
槧,caam5,1
槨,gwok3,1
槳,zoeng2,2
槽,cou4,8
樁,zong1,10
樁,zung1,3
樂,lok6,96
樂,ngaau6,3
樂,ngok6,48
樊,faan4,1
樊,faan6,1
樑,loeng2,2
樑,loeng4,11
樓,lau2,57
樓,lau4,54
樖,po1,1
標,biu1,82
樞,syu1,5
樟,zoeng1,4
模,mou2,2
模,mou4,36
樣,joeng2,47
樣,joeng6,54
樴,dak6,1
樵,ciu4,1
樸,pok3,8
樹,syu2,4
樹,syu3,4
樹,syu6,61
樽,zeon1,13
橄,gaam3,1
橇,ceoi3,2
橇,hiu1,2
橋,kiu2,11
橋,kiu4,34
橕,caang1,1
橘,gwat1,2
橙,caang2,15
橛,gyut6,2
機,gei1,345
橡,zoeng6,10
橢,to5,3
橫,waang1,1
橫,waang4,84
檀,taan4,3
檐,jim4,1
檔,dong2,6
檔,dong3,53
檢,gim2,29
檬,mung1,8
檯,toi2,43
檯,toi4,6
檳,ban1,5
檸,ning2,8
檸,ning4,4
檻,laam2,5
檻,laam3,4
檻,laam6,1
檻,naam3,2
櫂,zaau6,2
櫃,gwai2,4
櫃,gwai6,49
櫈,dang3,36
櫓,lou5,2
櫚,leoi5,1
櫛,zit3,3
櫥,cyu4,2
櫳,lung2,5
櫳,lung4,1
櫳,lung5,1
櫻,jing1,6
櫼,zim1,5
欄,laam2,1
欄,laan1,13
欄,laan2,1
欄,laan4,18
權,kyun4,85
欒,lyun4,1
欖,laam2,17
欖,laam5,3
欠,him3,24
次,ci3,50
欣,jan1,9
欲,juk6,28
欷,hei1,2
欸,e2,1
欸,ei2,1
欺,hei1,19
欼,ci2,1
欽,jam1,3
款,fun2,67
歃,saap3,1
歇,hit3,10
歇,kit3,2
歉,him3,2
歉,hip3,5
歌,go1,69
歎,taan3,18
歐,au1,20
歔,heoi1,2
歛,lim5,2
歛,lim6,1
歡,fun1,52
止,zi2,58
正,zeng3,52
正,zing1,2
正,zing3,163
此,ci2,57
步,bou2,1
步,bou6,113
武,mou5,57
歧,kei4,8
歪,me2,12
歪,waai1,7
歲,seoi3,23
歷,lik1,2
歷,lik6,36
歸,gwai1,72
歹,daai2,10
死,sei1,1
死,sei2,369
死,si2,5
殀,laai4,2
殃,joeng1,4
殄,tin5,1
殆,toi5,2
殉,seon1,9
殊,syu2,3
殊,syu4,13
殖,zik6,10
殘,caan4,49
殘,caang4,1
殞,wan5,2
殤,soeng1,1
殭,goeng1,2
殮,lim5,5
殯,ban3,10
殲,cim1,3
段,dyun6,24
殷,jan1,5
殺,saat3,103
殼,hok3,33
殽,ngaau4,2
殿,din6,11
毀,wai2,24
毅,ngai6,9
毆,au2,5
毆,au3,3
毋,mou4,5
母,mou2,18
母,mou5,76
每,mui5,10
毒,duk6,73
毓,juk1,1
比,bei2,78
比,bei3,1
比,bei6,2
毗,bei2,1
毗,pei4,1
毛,mou1,18
毛,mou4,115
毫,hou2,1
毫,hou4,19
毬,kau4,1
毯,taam2,4
毯,taan2,4
毽,gin3,1
毽,jin2,3
氈,zin1,8
氊,zin1,1
氏,si6,11
氏,zi1,2
民,man4,134
氓,man4,1
氕,pit3,1
氖,naai5,1
氘,dou1,1
氚,cyun1,1
氛,fan1,2
氟,fat1,1
氣,he3,2
氣,hei3,415
氦,hoi6,2
氧,joeng5,16
氨,on1,1
氪,hak1,1
氫,hing1,3
氬,aa3,1
氮,daam6,2
氯,luk6,3
水,seoi2,775
氵,seoi2,1
永,wing5,28
氹,dam4,8
氹,dam6,1
氹,tam2,1
氹,tam3,7
氹,tam4,11
氹,tam5,10
氼,mei6,3
氾,faan3,3
氾,faan5,2
汀,ding1,1
汀,ting4,1
汁,zap1,33
求,kau4,93
汆,ceot1,1
汆,cyun1,1
汆,fei1,2
汆,mei6,2
汐,zik6,2
汕,saan3,3
汗,hon4,4
汗,hon6,30
汛,seon3,2
汝,jyu5,1
汞,hung3,2
汞,hung6,2
江,gong1,44
池,ci4,27
污,wu1,38
汪,wong1,9
汪,wou1,1
汭,jeoi5,1
汭,jeoi6,1
汰,taai3,4
汲,kap1,2
汶,man4,2
決,kyut3,46
汽,hei3,18
汾,fan1,1
汾,fan4,1
沁,sam3,1
沃,juk1,4
沅,jyun2,1
沈,cam4,1
沈,sam2,2
沉,cam4,70
沊,dam2,1
沌,dan6,10
沏,cai3,2
沐,muk6,4
沒,mei6,2
沒,mut6,24
沓,daap6,7
沖,cung1,29
沙,saa1,159
沙,saa3,4
沙,saa4,12
沛,pui3,3
沫,mut6,8
沬,mei6,3
沮,zeoi2,1
沱,to4,2
河,ho2,14
河,ho4,64
河,ho5,1
沸,fai3,7
油,jau2,31
油,jau4,166
治,ci4,1
治,zi6,75
沼,ziu2,4
沽,gu1,6
沾,dim1,1
沾,dim3,1
沾,zim1,14
沾,zim4,1
沿,jyun4,8
況,fong3,19
泄,sit3,16
泉,cyun4,15
泊,bok6,6
泊,paak3,7
泊,pok3,5
泌,bei3,5
泓,wang4,1
法,faat3,199
泛,faan3,6
泛,faan5,1
泛,faan6,11
泡,paau1,17
泡,paau3,12
泡,peu6,2
泡,pok1,5
泡,pou5,19
波,bo1,223
泣,jaap1,1
泣,jap1,12
泥,nai4,80
注,zyu3,40
泯,man5,2
泰,taai3,27
泱,joeng1,2
泳,wing6,22
泵,bam1,8
洋,joeng2,2
洋,joeng4,73
洒,saa2,1
洗,sai2,89
洛,lok3,2
洛,lok6,16
洞,dung2,2
洞,dung6,29
津,zeon1,17
洪,hung4,19
洱,lei2,2
洱,nei2,2
洲,zau1,31
洶,hung1,6
活,wut6,68
洽,hap1,11
派,paai1,17
派,paai3,68
流,lau2,1
流,lau4,185
浙,zit3,3
浚,zeon3,1
浣,wun2,1
浥,ngap1,1
浦,pou2,4
浦,pou4,4
浩,hou6,10
浪,long5,1
浪,long6,55
浬,lei5,2
浭,gaang3,1
浮,fau4,44
浮,pou4,4
浴,juk6,22
海,hoi2,195
浸,zam3,20
浸,zam4,1
浸,zam6,3
浹,zip3,1
涂,tou4,1
涅,nip6,1
涇,ging1,1
涇,ging3,1
消,siu1,65
涉,sip3,14
涌,cung1,7
涎,jin4,4
涕,tai3,8
涮,caat3,2
涮,saan3,2
涯,ngaai4,11
液,jik6,19
涴,wo5,2
涵,haam4,8
涸,kok3,4
涼,loeng2,1
涼,loeng4,45
涿,duk1,1
淆,ngaau4,6
淇,kei4,1
淋,lam2,1
淋,lam4,26
淋,nam4,3
淋,nam6,6
淌,tong2,1
淌,tong5,1
淑,suk6,7
淒,cai1,6
淘,tou4,5
淚,leoi6,33
淝,fe4,2
淡,daam6,36
淡,taam5,31
淤,jyu1,4
淥,luk6,4
淨,zeng6,14
淨,zing6,25
淪,leon4,10
淫,jam4,29
淬,ceoi3,1
淬,seoi6,1
淮,waai4,3
淰,nam6,9
深,sam1,106
淳,seon4,1
淵,jyun1,9
混,wan6,37
淹,jim1,3
淺,cin2,26
添,tim1,17
清,cing1,152
渙,wun6,1
減,gaam2,44
渝,jyu4,2
渠,keoi4,16
渡,dou2,6
渡,dou6,22
渣,zaa1,26
渣,zaa2,9
渣,zaa4,1
渤,but6,1
渥,aak1,1
渥,ak1,1
渥,uk1,1
渦,wo1,5
渧,dai3,3
温,wan1,63
測,caak1,41
測,cak1,39
渭,wai6,1
港,gong2,70
渲,hyun1,2
渲,syun1,2
渲,syun3,2
渳,mei1,1
渴,hot3,20
游,jau4,29
渺,miu5,10
渻,saang2,2
渾,wan1,4
渾,wan4,5
渾,wan6,9
湃,baai3,1
湊,cau3,22
湎,min5,1
湓,pan4,1
湖,fu2,1
湖,wu2,2
湖,wu4,22
湘,soeng1,3
湛,zaam3,3
湧,jung2,10
湮,jin1,2
湯,tong1,64
湴,baan6,4
溉,koi3,1
溏,tong4,1
源,jyun4,38
準,zeon2,36
溚,dap6,2
溜,lau1,1
溜,lau4,7
溜,lau6,8
溜,leu1,1
溜,leu5,1
溜,liu1,3
溝,gau1,1
溝,kau1,24
溢,jat6,6
溦,mei1,4
溪,kai1,7
溯,sok3,1
溯,sou3,5
溴,cau3,1
溶,jung4,14
溺,nik1,7
滂,pong4,2
滄,cong1,4
滅,mit6,36
滋,zi1,33
滋,zi4,4
滌,dik6,1
滑,gwat1,1
滑,waat2,3
滑,waat6,46
滓,zi2,1
滓,zoi2,1
滔,tou1,7
滕,tang4,1
滘,gaau3,2
滬,wu6,1
滯,zai6,23
滰,king4,1
滲,sam3,7
滴,dik1,4
滴,dik6,11
滷,lou5,6
滾,gwan2,58
滿,mun5,79
漁,jyu4,17
漂,piu1,9
漂,piu3,6
漂,piu4,1
漆,cat1,18
漏,lau6,44
漓,lei4,2
演,jin2,56
演,jin5,2
漚,au3,4
漚,ngau3,2
漠,mok6,7
漢,hon3,44
漣,lin4,1
漩,syun4,1
漪,ji2,2
漫,maan6,20
漬,zik1,6
漮,hong2,1
漱,sau3,2
漲,zoeng3,10
漸,zim2,2
漸,zim6,15
漾,joeng6,3
漿,zoeng1,18
潑,put3,7
潔,git3,22
潘,pun1,1
潛,cim4,30
潢,wong4,1
潤,jeon2,11
潤,jeon6,18
潦,liu2,3
潦,lou5,1
潭,taam4,5
潮,ciu4,47
潰,kui2,7
潲,saau3,3
潷,bat1,3
潷,bei3,1
潷,fat1,2
潷,pat1,1
潸,saan1,1
潺,saan4,8
澀,gip3,4
澀,saap3,1
澀,saap6,2
澄,cing4,2
澄,dang6,1
澆,hiu1,3
澈,cit3,2
澎,paang4,2
澒,hung3,1
澒,hung6,1
澗,gaan3,4
澡,cou3,2
澤,zaak6,10
澧,lai5,1
澩,laau2,1
澰,lim2,1
澱,din6,4
澳,ou3,18
澹,daam6,2
激,gik1,38
濁,zuk6,8
濃,nung4,10
濕,sap1,84
濘,ning4,1
濛,mung1,3
濛,mung4,2
濟,zai2,6
濟,zai3,32
濟,zai6,6
濡,jyu4,2
濤,tou4,4
濫,laam5,15
濫,laam6,12
濯,zok6,4
濱,ban1,6
濶,fut3,1
濺,cin2,1
濺,zin3,2
濾,leoi6,11
瀆,duk6,4
瀆,zuk6,1
瀉,se2,6
瀉,se3,10
瀋,sam2,2
瀏,lau4,5
瀑,buk6,1
瀕,ban1,1
瀕,pan4,5
瀚,hon6,2
瀛,jing4,1
瀝,laap6,1
瀝,lek6,1
瀝,lik1,3
瀟,siu1,5
瀡,soe2,1
瀡,soe4,2
瀧,lung4,1
瀨,laai2,3
瀨,laai5,1
瀨,laai6,13
瀰,nei4,1
瀾,laan4,5
灌,gun3,13
灑,saa2,19
灒,zaan3,1
灘,taan1,13
灣,waan1,32
灣,waan4,4
火,fo2,289
灰,fiu1,1
灰,fui1,54
灶,zou3,16
灸,gau3,4
灼,coek1,1
灼,coek3,10
災,zoi1,41
炁,hei3,1
炆,man1,2
炆,mang2,1
炊,ceoi1,5
炎,jim4,31
炒,caau2,65
炔,kyut3,1
炕,hong3,3
炕,kong3,1
炖,dan6,2
炙,zek3,5
炩,ling3,5
炩,ling6,1
炫,jyun4,3
炬,geoi6,5
炭,taan3,11
炮,paau3,83
炮,pau3,1
炯,gwing2,2
炳,bing2,9
炷,zyu3,2
炸,zaa3,42
為,wai2,1
為,wai4,180
為,wai6,21
烈,lit6,25
烊,joeng2,1
烏,wu1,89
烘,hon3,1
烘,hong3,3
烘,hung3,6
烙,lok3,4
烚,hap6,2
烚,saap3,1
烚,saap6,10
烚,sep6,4
烤,haau1,2
烯,hei1,3
烴,ting1,1
烷,jyun2,2
烷,jyun4,1
烹,paang1,4
烽,fung1,6
焉,jin1,2
焉,jin4,4
焊,hon5,4
焊,hon6,1
焗,guk6,24
焙,bui2,1
焙,bui6,3
焙,pui4,1
焚,fan4,14
無,mou4,505
無,mou5,7
焦,ziu1,26
焫,naat3,5
焯,ceot1,1
焯,coek3,1
焰,jim6,6
然,jin2,2
然,jin4,153
煀,wat1,1
煉,lin6,12
煌,wong4,4
煎,zin1,14
煑,zyu2,1
煙,jin1,99
煜,juk1,1
煞,saat3,17
煠,saap6,4
煤,mui4,9
煥,wun6,2
煦,heoi2,1
照,ziu3,77
煨,wui1,2
煩,faan4,28
煮,zyu2,26
煲,bou1,80
煽,sin3,5
熄,sik1,4
熊,hung4,22
熏,fan1,2
熏,wan1,1
熒,jing4,2
熔,jung4,6
熙,hei1,2
熝,luk6,1
熟,suk6,86
熠,jap1,2
熠,saap6,7
熠,sep6,2
熨,tong3,4
熨,wat1,1
熬,ngaau4,2
熬,ngou4,5
熰,au3,1
熱,jit6,131
熵,soeng1,1
熹,hei1,1
熾,ci3,1
燂,taam4,3
燃,jin4,16
燄,jim6,5
燈,dang1,106
燉,dan3,2
燉,dan6,14
燊,sang1,1
燎,liu4,3
燐,leon4,1
燒,siu1,79
燕,jin1,1
燕,jin3,9
燘,mui2,1
燙,tong1,1
燙,tong3,4
燜,man1,2
營,jing4,46
燥,cou3,8
燦,caan3,5
燧,seoi6,1
燬,wai2,3
燭,zuk1,21
燴,wui6,3
燶,lung1,4
燶,nung1,11
燻,fan1,2
燼,zeon2,2
燼,zeon6,2
爆,baau3,102
爆,paau3,2
爉,laap3,1
爍,lik1,2
爍,soek3,2
爐,lou2,2
爐,lou4,51
爛,laan2,1
爛,laan6,124
爨,cyun3,2
爩,wat1,1
爪,zaau2,20
爬,paa2,1
爬,paa4,18
爭,caang1,1
爭,zaang1,29
爭,zang1,60
爵,zoek3,11
父,fu2,14
父,fu6,46
爸,baa1,6
爸,baa4,6
爹,de1,10
爺,je1,8
爺,je2,6
爺,je4,33
爻,ngaau4,1
爽,song2,33
爾,ji5,58
牀,cong4,77
牆,coeng4,40
片,pin1,1
片,pin2,99
片,pin3,20
版,baan2,35
牌,paai2,57
牌,paai4,90
牒,dip2,1
牒,dip6,2
牘,duk6,2
牙,aa2,2
牙,ngaa2,9
牙,ngaa4,155
牛,ngau2,9
牛,ngau4,186
牟,maau4,1
牟,mau4,5
牠,taa1,2
牡,maau5,5
牢,lou4,15
牧,muk6,14
物,mat2,5
物,mat6,160
牯,gu2,5
牲,saang1,1
牲,sang1,10
特,dak6,101
特,dat6,1
牽,hin1,18
犀,sai1,6
犁,lai4,3
犖,lak1,3
犢,duk6,2
犧,hei1,3
犬,hyun2,19
犭,hyun2,1
犯,faan2,19
犯,faan6,38
狀,zong2,2
狀,zong6,38
狂,kong4,2
狂,kwong4,36
狄,dik6,2
狎,haap3,4
狐,wu4,15
狒,fat1,4
狗,gau2,142
狙,zeoi1,4
狠,han2,10
狡,gaau2,6
狩,sau3,1
狷,gyun1,1
狸,lei2,4
狸,lei4,4
狹,gip6,1
狹,haap3,8
狹,haap6,4
狼,long1,2
狼,long4,32
狽,bui3,2
猄,geng1,2
猖,coeng1,2
猙,zang1,3
猛,maang2,2
猛,maang5,31
猜,caa1,2
猜,caai1,18
猝,cyut3,4
猢,wu4,1
猥,wui1,1
猩,sing1,8
猴,hau4,7
猶,jau4,24
猷,jau4,2
猻,syun1,1
猾,waat6,2
猿,jyun4,4
獃,daai1,2
獃,ngoi4,1
獄,juk6,18
獅,si1,18
獎,zoeng2,34
獒,ngou4,1
獗,kyut3,1
獞,zong6,1
獠,liu4,1
獨,duk6,103
獰,ning4,2
獲,wok6,37
獵,lip6,16
獷,gwong2,1
獸,sau3,28
獺,caat3,2
獺,taat3,1
獻,hin3,27
獼,nei4,1
玀,lo1,1
玄,jyun4,8
率,leot2,30
率,leot6,2
率,seot1,10
玉,juk2,8
玉,juk6,39
王,wong2,4
王,wong4,81
玖,gau2,1
玥,jyut6,1
玩,waan2,40
玩,waan4,4
玩,wun2,2
玩,wun6,15
玫,mui4,4
玲,ling2,1
玲,ling4,6
玳,doi6,6
玷,dim1,1
玷,dim3,1
玷,zim1,1
玻,bo1,19
珀,paak3,1
珊,saan1,4
珍,zan1,31
珞,lok3,1
珠,zyu1,52
珧,jiu4,1
班,baan1,89
珮,pui3,1
珼,mou6,1
珼,mui6,1
現,jin2,3
現,jin6,80
球,kau4,125
琅,long4,4
理,lei1,1
理,lei5,192
琉,lau4,2
琛,sam1,1
琢,doek3,5
琥,fu2,1
琦,kei4,1
琪,kei4,1
琳,lam4,3
琴,kam4,35
琵,pei4,5
琶,paa2,2
琶,paa4,3
琺,faat3,1
瑁,mou6,2
瑁,mui6,2
瑕,haa4,6
瑙,nou5,3
瑚,wu4,2
瑛,jing1,1
瑜,jyu4,8
瑞,seoi6,16
瑟,sat1,2
瑣,so2,5
瑤,jiu4,5
瑩,jing4,3
瑪,maa5,6
瑯,long2,1
瑯,long4,2
瑰,gwai3,4
瑾,gan2,1
璀,ceoi1,1
璃,lei1,18
璋,zoeng1,2
璐,lou6,1
璞,pok3,2
璣,gei1,1
璧,bik1,7
璨,caan3,1
璫,dong1,1
環,waan2,1
環,waan4,60
璺,man6,3
璽,saai2,2
瓊,king4,6
瓏,lung4,5
瓜,gwaa1,98
瓠,wu6,1
瓢,piu1,1
瓣,baan2,1
瓣,baan6,1
瓣,faan2,4
瓣,faan6,9
瓤,nong1,2
瓤,nong4,1
瓦,aa3,1
瓦,ngaa2,1
瓦,ngaa5,38
瓶,peng4,1
瓶,peng5,2
瓶,ping4,10
瓷,ci4,6
甄,jan1,4
甌,ngau1,1
甏,paang1,1
甕,ung3,3
甖,aang1,5
甖,ngaang1,2
甘,gam1,40
甚,sam6,15
甜,tim4,37
生,saang1,270
生,saang4,1
生,sang1,305
生,seng1,1
產,caan2,81
産,caan2,1
甥,saang1,6
甥,sang1,8
甦,sou1,3
用,jung6,186
甩,lak1,3
甩,lat1,64
甩,nan1,1
甫,bou3,2
甫,fu2,1
甫,pou1,3
甫,pou2,3
甫,pou3,1
田,tin4,44
由,jau2,2
由,jau4,58
由,jau5,1
由,zaat2,1
甲,gaap3,46
甲,gaat6,1
申,san1,20
甴,gaat6,3
甴,zaat2,4
甶,fat6,1
男,naam4,69
甸,din1,6
甸,din6,2
畀,bei2,46
界,gaai3,77
畏,wai3,13
畔,bun6,3
留,lau1,1
留,lau4,70
畜,cuk1,15
畝,mau5,2
畢,bat1,18
略,loek2,3
略,loek6,26
番,faan1,63
番,pun1,2
畫,waa2,41
畫,waa6,1
畫,waak6,29
異,ji6,79
當,dong1,112
當,dong3,82
當,dong6,1
畸,kei1,7
畿,gei1,6
疆,goeng1,9
疇,cau4,1
疊,daap6,15
疊,dep6,2
疊,dip6,8
疋,pat1,4
疍,daan6,4
疍,dang6,4
疏,so1,38
疏,so3,1
疑,ji4,47
疒,nik6,1
疚,gau3,4
疝,saan3,1
疤,baa1,6
疫,jik6,17
疱,paau3,1
疲,pei4,19
疵,ci1,2
疸,taan2,1
疹,can2,6
疼,tang4,2
疼,tung3,4
疾,zat6,16
疿,fai2,1
痂,gaa1,1
痄,zaa3,1
病,beng6,129
症,zing3,52
痊,cyun4,1
痍,ji4,2
痔,zi6,2
痕,han2,3
痕,han4,21
痘,dau2,7
痘,dau6,2
痙,ging3,1
痙,ging6,1
痛,tung3,78
痞,pei2,1
痠,syun1,3
痢,lei1,6
痢,lei6,1
痣,zi3,2
痧,saa1,5
痰,taam4,10
痱,fai2,1
痱,fei1,1
痲,maa4,2
痴,ci1,35
痶,din2,4
痹,bei3,5
痺,bei3,4
痾,ngo1,3
痾,o1,27
痿,wai2,1
瘀,jyu2,10
瘁,seoi5,2
瘁,seoi6,1
瘉,jyu6,1
瘋,fung1,14
瘌,laat3,3
瘌,laat6,1
瘍,joeng4,2
瘓,wun6,2
瘕,haa1,1
瘙,sou3,1
瘜,sik1,2
瘟,wan1,18
瘡,cong1,16
瘢,baan1,1
瘤,lau2,8
瘤,lau4,1
瘦,sau3,28
瘧,joek6,2
瘴,zoeng3,3
瘸,ke4,1
瘸,koe4,1
療,liu4,19
癆,lou4,2
癇,gaan2,2
癌,ngaam4,13
癎,gaan2,1
癐,gui6,3
癒,jyu6,7
癖,pik1,8
癟,bet4,2
癟,bet6,2
癟,bit6,1
癡,ci1,26
癢,joeng5,8
癥,zing1,2
癦,mak2,2
癦,mak6,1
癧,lik6,1
癩,laai3,7
癩,laai4,9
癩,laat3,2
癩,laat6,1
癩,naai3,1
癩,naan3,1
癪,zik1,5
癬,sin2,2
癬,sin5,1
癮,jan5,27
癱,naan3,1
癱,taan1,2
癱,taan2,6
癲,din1,26
癸,gwai3,1
登,dang1,48
發,faak3,2
發,faak6,1
發,faat3,285
發,faat6,1
白,baak2,5
白,baak3,4
白,baak6,298
百,baak3,111
皂,zou6,4
的,dik1,69
皆,gaai1,17
皇,wong4,58
皈,gwai1,1
皋,gou1,1
皎,gaau2,2
皓,hou6,1
皙,sik1,1
皮,pei2,34
皮,pei4,164
皰,paau3,1
皺,caau4,3
皺,zau3,5
皿,ming5,1
盂,gun3,1
盂,jyu4,2
盃,bui1,4
盅,zung1,14
盆,pun2,5
盆,pun4,29
盈,jing4,18
益,jik1,35
盎,on1,4
盎,ong3,1
盒,haap2,8
盒,hap2,13
盒,hap6,2
盔,kwai1,5
盛,sing2,1
盛,sing4,1
盛,sing6,46
盜,dou6,19
盞,zaan2,9
盟,mang4,21
盡,zeon6,99
監,gaam1,44
監,gaam3,15
監,gaam6,1
盤,pun2,46
盤,pun4,51
盧,lou4,9
盪,dong3,2
盪,dong6,9
目,muk6,100
盯,deng1,1
盯,ding1,2
盲,maang1,1
盲,maang4,46
盲,mang4,3
直,zik4,1
直,zik6,119
相,soeng1,158
相,soeng2,29
相,soeng3,52
盼,paan3,6
盾,teon5,7
省,saang2,27
省,sing2,8
眇,miu5,2
眈,daam1,4
眉,mei2,2
眉,mei4,43
看,hon1,14
看,hon3,35
眛,mei6,2
真,zan1,116
眠,min4,16
眨,zaam2,7
眨,zaap3,1
眩,jyun4,2
眩,jyun6,2
眯,mei1,3
眯,mi1,2
眶,hong1,3
眶,kwaang1,2
眷,gyun3,7
眸,mau4,3
眸,mau6,3
眺,tiu3,3
眼,ngaan2,1
眼,ngaan5,346
眾,zung3,65
着,zoek2,1
着,zoek3,11
着,zoek4,1
着,zoek6,66
睄,saau4,2
睇,tai2,118
睏,kwan3,1
睖,nang4,2
睛,zing1,6
睜,zang1,1
睞,loi4,1
睡,seoi6,26
督,duk1,24
睥,be1,4
睦,muk6,3
睩,luk1,5
睪,gou1,1
睫,zit3,3
睫,zit6,3
睬,coi2,8
睹,dou2,8
睺,hau1,7
睼,tai2,1
睽,kwai4,2
睾,gou1,1
睿,jeoi6,2
瞄,miu4,3
瞅,cau1,2
瞇,mei1,2
瞇,mi1,7
瞌,hap1,3
瞌,hap6,2
瞎,hat6,3
瞑,ming5,1
瞓,fan3,40
瞞,mun4,10
瞠,caang1,1
瞠,tong4,1
瞥,pit3,3
瞧,ciu4,1
瞪,dang1,4
瞬,seon3,7
瞭,liu4,4
瞭,liu5,4
瞰,ham3,3
瞳,tung4,2
瞸,hip1,1
瞸,hip3,1
瞻,zim1,7
瞼,lim4,1
矇,mung1,13
矇,mung4,6
矋,lai6,3
矓,lung4,1
矗,cuk1,2
矚,zuk1,2
矛,maau4,8
矜,ging1,3
矢,ci2,9
矢,si2,1
矣,ji5,4
知,zi1,180
知,zi3,6
矩,geoi2,13
短,dyun2,63
矮,ai2,29
矯,giu2,12
石,daam3,1
石,sek2,1
石,sek6,137
矺,zaak3,2
矺,zaak6,2
矽,zik6,2
砂,saa1,32
砌,cai3,11
砍,ham2,3
砐,ngap6,1
砒,pei1,1
研,jin4,15
研,ngaan4,1
砝,faat3,1
砣,to2,1
砣,to4,2
砥,dai2,4
砥,zi2,1
砦,zaai6,2
砧,zam1,5
砭,bin2,1
砰,baang4,2
砰,beng4,1
砲,paau3,26
破,po3,81
砵,but1,8
砵,but6,1
砷,san1,1
砸,zaak3,9
砸,zaak6,10
硃,zyu1,2
硅,gwai1,1
硒,sai1,1
硝,siu1,1
硤,gip3,1
硫,lau4,4
硬,ngaang2,5
硬,ngaang6,78
确,kak1,3
硯,jin2,3
硯,jin6,1
硼,paang4,2
碁,kei2,1
碁,kei4,1
碇,deng6,9
碉,diu1,1
碌,luk1,70
碎,seoi2,1
碎,seoi3,34
碑,bei1,11
碗,wun2,21
碘,din2,2
碟,dip2,28
碟,dip6,12
碧,bik1,10
碩,sek6,4
碰,pung3,25
碳,taan3,10
確,kok3,26
碼,maa5,58
碾,nin5,1
碾,zin2,1
磁,ci4,28
磅,bong2,8
磅,bong6,12
磊,leoi5,1
磋,co1,2
磐,pun4,1
磚,zyun1,17
磡,ham3,2
磨,mo2,1
磨,mo4,37
磨,mo6,6
磯,gei1,2
磷,leon4,1
磺,wong4,1
礁,ziu1,5
礎,co2,3
礙,ngoi6,14
礡,bok6,1
礦,kwong3,16
礪,lai6,3
礫,lik1,1
礬,faan4,1
礴,bok6,1
示,si6,44
社,se5,58
祀,zi6,2
祁,kei4,1
祂,taa1,1
祆,hin1,1
祇,kei4,2
祇,zi2,10
祈,kei4,9
祉,zi2,2
祐,jau6,3
祖,zou2,33
祝,zuk1,17
神,san1,2
神,san2,6
神,san4,307
神,san5,3
祟,seoi6,3
祟,syu2,3
祠,ci4,6
祢,nei5,1
祥,coeng4,9
票,biu1,1
票,piu2,1
票,piu3,73
祭,zai3,22
祺,kei4,1
祿,luk6,7
禁,gam1,2
禁,gam3,41
禁,kam1,7
禍,wo5,3
禍,wo6,26
禎,zing1,1
福,fuk1,73
禡,maa6,2
禡,ngaa4,5
禦,jyu6,5
禧,hei1,6
禪,sim4,8
禪,sin6,1
禮,lai5,93
禱,tou2,5
禸,jau2,1
禹,jyu5,1
禺,jyu4,1
禽,kam4,13
禾,wo4,19
禾,wo5,1
禿,tuk1,6
秀,sau3,22
私,si1,89
秉,bing2,4
秋,cau1,53
科,fo1,85
秒,miu5,13
秘,bei3,28
租,zou1,40
秤,cing3,23
秤,ping4,4
秦,ceon4,6
秧,joeng1,4
秩,dit6,4
移,ji4,36
稀,hei1,19
稈,gon2,3
程,cing4,68
稍,saau2,7
税,seoi3,40
稔,nam5,1
稔,nam6,2
稔,nim1,1
稚,zi6,7
稜,ling4,5
稟,ban2,10
稠,cau4,3
種,zung2,58
種,zung3,10
稱,cing1,67
稱,cing3,14
稷,zik1,1
稻,dou6,6
稼,gaa3,2
稽,kai1,8
稿,gou2,31
穀,guk1,13
穆,muk6,4
穌,sou1,3
積,zik1,53
穎,wing6,4
穗,seoi6,1
穢,wai3,6
穩,wan2,28
穫,wok6,2
穴,jyut6,15
究,gau3,26
穹,hung1,1
穹,kung4,1
空,hung1,168
穿,cyun1,50
突,dat6,46
窄,zaak3,12
窈,jiu2,1
窈,miu5,1
窒,gat6,1
窒,zat6,17
窕,tiu5,1
窖,gaau3,4
窗,coeng1,37
窘,kwan3,3
窟,fat1,22
窩,wo1,28
窪,waa1,2
窮,kung4,56
窯,jiu4,1
窺,kwai1,7
窿,lung1,42
窿,lung2,1
竄,cyun2,4
竄,cyun3,6
竅,hiu3,7
竅,kiu3,2
竇,dau3,25
竇,dau6,12
竈,zou3,3
竉,lung1,3
竊,sit3,15
立,laap2,1
立,laap3,13
立,laap6,125
立,lap2,1
立,lap3,2
立,lap6,100
立,nap6,10
站,zaam6,47
竟,ging2,10
章,zoeng1,46
竣,zeon3,2
童,tung4,54
竭,kit3,11
端,dyun1,38
競,ging3,16
競,ging6,12
竹,zuk1,74
竺,zuk1,2
竻,lak1,1
竽,jyu1,3
竽,jyu4,2
竿,gon1,10
笆,baa1,2
笈,kap1,4
笏,fat1,2
笏,wat1,1
笑,siu2,1
笑,siu3,117
笙,sang1,3
笛,dek2,7
笛,dek6,5
笛,det4,2
笛,det6,2
笝,naap3,1
笞,ci1,1
笠,lap1,17
笠,lap6,1
笠,nap6,4
笡,ce3,1
符,fu4,30
笨,ban6,19
笪,daat3,9
第,dai2,3
第,dai6,33
笭,leng1,2
笮,zaak3,2
笮,zaak6,1
笱,gau2,1
笳,gaa1,1
笸,bo1,1
笸,po1,1
筆,bat1,101
筆,fat1,2
筆,pat1,1
等,dang2,64
筋,gan1,27
筋,gwaan1,2
筍,seon2,16
筏,fat6,2
筐,hong1,1
筒,tung2,29
筒,tung4,6
答,daap3,23
策,caak3,24
筠,gwan1,1
筲,saau1,4
筵,jin4,3
筷,faai3,8
箇,go3,1
箇,go4,1
箇,go6,1
箋,zin1,1
箍,kau1,1
箍,ku1,13
箏,zang1,3
箔,bok6,2
箕,gei1,6
算,syun3,74
箝,kim2,1
箝,kim4,2
管,gun2,90
管,gwun2,1
箭,zin3,29
箱,soeng1,45
箴,zam1,1
箸,zyu6,2
節,zit3,99
範,faan6,20
篆,syun3,4
篆,syun6,4
篇,pin1,16
築,zuk1,15
篋,gip1,1
篙,gou1,5
篡,saan3,4
篤,duk1,42
篦,bei2,2
篦,bei6,2
篩,sai1,15
篱,lei1,1
篷,fung4,2
篷,pung1,1
篷,pung2,1
篷,pung4,8
篼,dau1,1
篾,mit6,1
簇,cuk1,4
簋,gwai2,1
簍,lo1,2
簕,lak6,4
簡,gaan2,36
簡,gan2,1
簡,kaan2,5
簣,gwai6,1
簧,wong2,4
簧,wong4,2
簪,zaam1,4
簫,siu1,2
簷,jam4,7
簷,jim4,6
簷,sim4,4
簸,bo3,1
簽,cim1,41
簾,lim2,4
簾,lim4,2
簿,bou2,21
簿,bou6,5
籃,laam2,8
籃,laam4,12
籌,cau2,7
籌,cau4,24
籍,zik6,18
籟,laai6,2
籠,lung2,15
籠,lung4,49
籠,lung5,3
籤,cim1,16
籬,lei1,3
籬,lei4,9
籮,lo1,11
籮,lo4,7
籲,jyu6,2
米,mai1,2
米,mai5,140
米,mi1,1
米,mi4,1
籽,zi2,5
粉,fan2,144
粑,baa1,1
粒,lap1,1
粒,nap1,38
粗,cou1,59
粘,zim1,5
粟,suk1,10
粢,ci1,1
粥,zuk1,33
粧,zong1,6
粱,loeng4,3
粵,jyut6,13
粹,seoi5,9
粼,leon4,2
粽,zung2,7
粽,zung3,3
精,zeng1,19
精,zing1,138
粿,gwai3,1
粿,gwo2,1
糅,jau2,1
糅,jau4,1
糉,zung2,3
糉,zung3,1
糊,fu2,1
糊,wu2,22
糊,wu4,16
糍,ci4,1
糕,gou1,35
糖,tong2,30
糖,tong4,53
糙,cou3,3
糜,mei4,3
糝,sam2,2
糞,fan3,5
糟,zou1,17
糠,hong1,9
糠,hong2,6
糧,loeng4,28
糭,zung2,6
糭,zung3,2
糯,no6,11
糰,tyun4,1
糴,dek6,2
糶,tiu3,2
糹,si1,1
系,hai6,26
糾,dau2,10
糾,gau2,10
紀,gei2,31
紁,caa5,2
紂,zau6,1
約,joek3,71
紅,gung1,2
紅,hung2,1
紅,hung4,191
紆,jyu1,1
紆,syu1,1
紉,jan6,1
紊,man5,3
紊,man6,1
紋,man4,27
納,naap6,35
納,nap6,4
紐,nau2,10
紓,syu1,5
純,seon4,25
紕,pei1,1
紗,saa1,14
紙,zi2,155
級,kap1,53
紛,fan1,17
紜,wan4,2
素,sou3,52
紡,fong2,5
索,saak3,10
索,sok3,47
紫,zi2,19
紮,zaat3,33
紮,zaat6,1
累,leoi4,5
累,leoi6,30
細,sai3,151
紳,san1,7
紶,koe3,2
紹,siu6,11
絀,zyut3,4
絀,zyut6,3
終,zung1,60
絃,jin4,2
組,zou2,41
絆,bun6,3
結,git3,115
結,git6,4
結,lit3,1
結,lit4,1
絕,zyut6,85
絞,gaau2,6
絞,gaau4,1
絞,gaau6,1
絡,lok3,7
絡,lok6,9
絢,hyun3,2
絢,seon1,2
給,kap1,8
絨,jung2,7
絨,jung4,1
絮,seoi5,6
統,tung2,38
絲,si1,90
絹,gyun3,1
綁,bong2,13
綏,seoi1,1
綑,kwan2,9
經,gaang1,1
經,gang1,1
經,ging1,123
綜,zung1,9
綜,zung3,8
綟,lit3,1
綠,luk1,2
綠,luk2,1
綠,luk6,57
綢,cau2,4
綢,cau4,5
綫,sin3,23
維,wai4,52
綯,tou4,1
綱,gong1,11
網,mong1,1
網,mong5,77
綴,zeoi6,5
綴,zyut3,5
綵,coi2,5
綸,leon4,2
綺,ji2,2
綻,zaan6,3
綽,coek3,8
綿,min4,21
緄,gwan2,1
緄,kwan2,1
緊,gan2,63
緋,fei1,5
緋,fei2,2
緒,seoi5,13
緘,gaam1,3
線,sin2,3
線,sin3,192
緝,cap1,12
緞,dyun2,1
緞,dyun6,2
締,dai3,3
締,tai3,3
緡,man1,1
緡,man4,1
緣,jyun4,40
編,pin1,31
緩,wun4,15
緩,wun6,8
緬,min5,3
緯,wai5,6
緲,miu5,1
練,lin6,33
緻,zi2,1
緻,zi3,6
縈,jing4,3
縊,ngai3,1
縐,caau4,1
縐,zau3,4
縛,bok3,5
縝,can2,1
縟,juk6,1
縣,jyun2,2
縣,jyun6,2
縫,fung2,1
縫,fung4,12
縮,suk1,60
縱,zung1,5
縱,zung3,14
縷,lau5,1
縹,piu1,3
總,zung2,58
績,zik1,13
繁,faan4,18
繃,baang1,3
繃,baang6,1
繃,bang1,5
繃,maang1,3
繆,mau4,2
繆,mau6,1
繆,miu6,1
繑,kiu2,1
繑,kiu5,4
織,zik1,22
繙,faan1,2
繚,liu2,1
繚,liu4,1
繞,jiu2,8
繞,jiu5,2
繞,kiu5,2
繡,sau3,8
繩,sing2,10
繩,sing4,9
繪,kui2,12
繫,hai6,8
繭,gaan2,4
繳,giu2,9
繹,jik6,5
繼,gai3,27
繽,ban1,2
纂,zyun2,1
纈,lit3,4
纊,kwang3,3
續,zuk6,31
纍,leoi4,2
纏,cin4,18
纓,jing1,4
纔,coi4,1
纖,cim1,17
纜,laam2,3
纜,laam5,1
纜,laam6,14
缸,gong1,18
缺,kyut3,35
缽,but1,1
缽,but3,2
缽,but6,4
缽,put3,1
罄,hing3,2
罅,laa1,3
罅,laa3,24
罉,caang1,11
罌,aang1,10
罌,laang1,2
罌,ngaang1,3
罐,gun3,12
罔,mong5,2
罕,hon2,7
罡,gong1,1
罨,ap1,3
罨,ngap1,3
罩,zaau3,16
罪,zeoi6,69
置,zi3,56
罯,kam2,1
罰,fat6,19
署,cyu5,25
罵,maa6,17
罷,baa2,3
罷,baa6,18
罹,lei4,2
羅,lo1,4
羅,lo2,1
羅,lo3,2
羅,lo4,81
羈,gei1,6
羊,joeng2,3
羊,joeng4,41
羌,goeng1,2
美,mei5,109
羔,gou1,3
羚,ling4,3
羞,cau2,1
羞,sau1,12
羡,sin6,1
群,kwan4,42
羨,sin6,14
義,ji5,1
義,ji6,131
羯,kit3,2
羲,hei1,1
羹,gang1,12
羽,jyu5,13
羿,ngai6,1
翁,jung1,24
翅,ci3,11
翌,jik6,3
習,zaap6,34
翔,coeng4,5
翕,jap1,2
翟,zaak6,1
翠,ceoi3,6
翡,fei2,2
翦,zin2,1
翩,pin1,6
翰,hon6,2
翱,ngou6,1
翳,ai3,4
翳,ngai3,7
翹,kiu4,3
翹,kiu5,1
翻,faai1,1
翻,faan1,70
翻,faan2,1
翼,jik6,23
耀,jiu6,10
老,lou2,2
老,lou5,418
考,haau2,56
者,ze2,90
耆,kei4,2
而,ji4,164
耍,saa2,15
耍,saa3,1
耐,noi1,3
耐,noi2,6
耐,noi6,39
耕,gaang1,20
耖,caau3,1
耗,hou3,11
耘,wan4,3
耙,paa2,2
耨,nau6,3
耳,ji5,109
耶,je4,15
耷,dap1,13
耻,ci2,1
耽,daam1,4
耽,dam1,7
耽,dam3,3
耽,dam6,2
耿,gang2,7
聆,ling4,3
聊,liu4,9
聊,liu5,1
聖,sing3,51
聘,ping3,13
聚,zeoi6,34
聞,man2,4
聞,man4,57
聯,lin4,1
聯,lyun2,2
聯,lyun4,63
聰,cung1,9
聲,seng1,144
聲,sing1,105
聳,sung1,1
聳,sung2,4
聶,nip6,1
職,zik1,77
聽,teng1,42
聽,ting1,11
聽,ting3,36
聾,lung2,1
聾,lung4,8
肄,ji6,2
肄,si3,1
肅,suk1,13
肆,sei3,1
肆,si3,9
肇,siu6,5
肉,juk2,7
肉,juk6,156
肋,laak1,1
肋,laak3,1
肋,laak6,3
肋,laat1,1
肋,lak6,1
肌,gei1,16
肓,fong1,1
肕,ngan6,1
肖,ciu3,6
肘,zaau2,3
肘,zau2,3
肚,tou5,73
肛,gong1,6
肝,gon1,27
股,gu2,47
肢,zi1,14
肥,fei2,1
肥,fei4,63
肩,gin1,12
肪,fong1,4
肯,han2,2
肯,hang2,12
育,juk6,37
肴,ngaau4,1
肶,bei2,7
肺,fai3,36
胃,wai6,21
胆,daam2,1
背,bui2,2
背,bui3,62
背,bui6,8
胎,doi1,1
胎,taai1,1
胎,toi1,33
胎,zoi1,1
胖,bun6,4
胗,zan1,3
胚,bui1,6
胞,baau1,13
胡,wu1,2
胡,wu2,1
胡,wu4,27
胭,jin1,4
胰,ji4,3
胱,gwong1,1
胳,gaak3,3
胳,gaat3,1
胳,lok3,1
胴,dung6,1
胵,ci3,2
胸,hung1,28
胺,on1,2
能,lan1,2
能,lan4,2
能,lang1,1
能,leng4,2
能,ling4,2
能,nang4,102
脂,zi1,29
脅,hip3,8
脆,ceoi2,2
脆,ceoi3,22
脇,hip3,1
脈,maak6,1
脈,mak6,28
脊,zek3,19
脌,lin1,2
脌,nin1,3
脖,but6,2
脛,ging3,1
脛,hing5,1
脢,mui2,1
脢,mui4,2
脣,seon4,14
脧,zoe1,1
脯,pou2,3
脱,tyut1,2
脱,tyut3,49
脷,lei6,28
脹,zoeng3,22
脾,bei2,3
脾,pei2,3
脾,pei4,11
腆,din2,1
腆,tin2,1
腊,laap6,1
腋,jik6,4
腌,jim1,7
腍,lam4,1
腍,nam4,18
腎,san2,4
腎,san5,5
腎,san6,10
腐,fu6,49
腑,fu2,5
腑,fu4,1
腔,hong1,19
腕,wun2,6
腡,wo5,2
腥,seng1,13
腥,seng3,2
腥,sing1,2
腦,nou5,74
腩,laam5,1
腩,naam5,17
腫,zung2,15
腬,nau6,2
腮,soi1,5
腯,dat1,7
腰,jiu1,43
腱,zin2,2
腳,goek2,3
腳,goek3,299
腳,goek4,1
腳,goet2,1
腳,goet4,1
腸,coeng2,52
腸,coeng4,29
腹,fuk1,32
腺,sin3,11
腿,teoi2,11
膀,bong2,3
膀,pong1,2
膀,pong4,2
膇,deoi3,1
膈,gaak3,2
膉,jik1,5
膊,bok3,30
膍,fu4,1
膏,gou1,31
膚,fu1,12
膛,tong4,2
膜,mok2,20
膜,mok6,1
膜,mou4,1
膝,sat1,18
膠,gaau1,93
膣,zat6,1
膥,ceon1,7
膨,paang4,3
膨,paau1,2
膨,peu6,2
膩,nau6,1
膩,nei6,6
膳,sin6,6
膶,jeon2,10
膺,jing1,4
膼,gwaa1,1
膽,daam2,81
膾,kui2,1
膿,nung4,3
臀,tyun4,2
臂,bei3,19
臃,jung2,2
臆,jik1,3
臉,lim5,20
臉,lim6,3
臉,min6,6
臊,sou1,8
臌,gu2,1
臍,ci4,6
臏,ban3,1
臘,laap6,16
臘,lip6,1
臟,zong6,16
臠,lin2,1
臢,zim1,1
臣,san2,4
臣,san4,16
臣,seon2,2
臨,lam2,1
臨,lam4,71
自,gi6,4
自,zi6,368
臭,cau3,75
至,zi3,58
致,zi3,47
臺,toi4,30
臻,zeon1,1
臼,kau5,3
舀,jiu1,1
舂,zung1,12
舅,kau3,7
舅,kau5,9
與,jyu5,40
興,hing1,34
興,hing3,24
興,hing4,1
舉,geoi2,70
舊,gau2,1
舊,gau6,71
舌,sit3,25
舌,sit6,12
舍,se3,19
舍,se5,11
舐,laai2,7
舐,saai2,2
舒,syu1,10
舔,lem2,1
舔,tim2,1
舔,tim5,1
舖,pou1,2
舖,pou2,22
舖,pou3,20
舜,seon3,1
舞,mou5,73
舟,zau1,14
舢,saan1,2
舦,taai3,2
舦,taai5,8
舨,baan2,2
航,hong4,32
舫,fong2,1
般,bo1,1
般,bun1,12
舵,to4,4
舶,bok6,2
船,syun2,2
船,syun4,70
艇,teng5,38
艋,maang1,1
艔,dou2,4
艔,dou6,2
艘,sau2,1
艙,cong1,9
艦,laam6,12
艮,gan3,2
良,loeng4,60
艱,gaan1,13
色,sik1,176
艹,cou2,1
艾,ngaai6,8
芋,wu6,6
芍,coek3,1
芎,gung1,1
芒,mon1,2
芒,mong1,13
芒,mong4,5
芙,fu4,5
芝,ci6,1
芝,zi1,19
芝,zi6,1
芡,hin3,6
芥,gaai3,11
芪,kei4,1
芫,jim4,2
芫,jin4,2
芫,jyun4,2
芬,fan1,6
芭,baa1,4
芯,sam1,14
花,faa1,369
芳,fong1,14
芷,zi2,1
芸,wan4,2
芹,kan2,3
芹,kan4,2
芻,co1,2
芽,ngaa4,21
苑,jyun2,2
苓,ling2,1
苓,ling4,1
苔,toi1,2
苔,toi4,4
苗,miu4,18
苛,ho1,6
苞,baau1,2
苟,gau2,8
若,je5,1
若,joek6,45
苦,fu2,97
苦,gu1,1
苫,sim1,2
苯,bun2,1
英,jing1,76
苴,zaa2,1
茁,cyut3,1
茁,zyut3,1
茂,mau6,13
茂,meu6,2
范,faan6,1
茄,gaa1,2
茄,kaa1,2
茄,ke1,13
茄,ke2,17
茅,maau4,19
茉,mut6,1
茗,ming4,1
茗,ming5,4
茘,lai6,1
茜,sai1,8
茜,sin3,1
茜,sin6,1
茨,ci4,4
茨,syu4,1
茫,mong4,10
茭,gaau1,1
茲,zi1,12
茴,wui4,1
茵,jan1,2
茶,caa4,147
茶,de1,1
茸,jung4,8
茹,jyu4,3
茼,tong4,2
荀,seon1,1
荃,cyun4,2
草,cou2,130
荊,ging1,9
荏,nam4,1
荐,zin3,1
荒,fong1,30
荔,lai6,13
荳,dau6,3
荷,ho2,2
荷,ho4,27
荷,ho6,5
荸,ci4,1
荼,tou4,3
荽,seoi1,1
莉,lei2,1
莉,lei6,4
莊,zong1,42
莎,saa1,5
莒,geoi2,1
莓,mui2,5
莖,ging3,2
莘,san1,2
莞,gun2,3
莞,wun5,1
莠,jau5,1
莢,gaap3,4
莢,haap3,2
莧,jin6,2
莫,mok1,1
莫,mok2,1
莫,mok6,40
莽,mong5,3
菁,cing1,2
菁,zing1,3
菂,dik1,3
菅,gaan1,1
菇,gu1,23
菊,guk1,5
菌,kwan2,20
菓,gwo2,1
菖,coeng1,2
菜,coi3,152
菠,bo1,13
菢,bou6,2
菩,pou4,8
華,waa2,2
華,waa4,68
華,waa6,2
菰,gu1,2
菱,ling4,2
菲,fei1,8
菲,fei2,1
菸,jin1,1
萃,seoi6,3
萃,zyut3,1
萄,tou4,5
萊,loi4,7
萌,mang4,8
萍,ping4,3
萎,wai2,6
萬,maan6,130
萵,wo1,1
落,lok1,4
落,lok6,253
葉,jip2,4
葉,jip6,38
葉,sip3,1
著,zoek3,9
著,zoek6,56
著,zyu3,14
葛,got3,9
葡,pou4,14
董,dung2,15
葦,wai5,2
葩,baa1,2
葫,wu4,5
葬,zong3,25
葱,cung1,15
葵,kwai4,16
葷,fan1,2
葺,cap1,3
蒂,dai3,8
蒂,tai3,1
蒐,kwai5,1
蒐,sau1,2
蒐,sau2,2
蒔,si4,1
蒙,mung1,1
蒙,mung4,25
蒜,syun3,6
蒞,lei4,1
蒞,lei6,1
蒟,geoi2,1
蒲,pou4,18
蒲,pou6,1
蒸,zing1,30
蒻,joek6,1
蒼,cong1,12
蒿,hou1,1
蒿,ou1,1
蓄,cuk1,12
蓆,zek6,16
蓉,jung2,1
蓉,jung4,15
蓋,goi3,34
蓋,koi3,16
蓑,so1,1
蓬,fung4,9
蓬,pung4,8
蓮,lin2,1
蓮,lin4,20
蔃,koeng2,1
蔃,koeng5,3
蔑,mit6,4
蔓,maan6,2
蔔,baak6,19
蔗,ze3,18
蔘,sam1,4
蔚,wai3,4
蔡,coi3,1
蔣,zoeng2,1
蔫,jin1,2
蔫,jyun1,1
蔬,so1,4
蔭,jam1,1
蔭,jam3,9
蔴,maa4,2
蔸,dau1,2
蔻,kau3,4
蔽,bai3,9
蕃,bo3,1
蕃,faan1,4
蕈,seon3,1
蕉,ziu1,33
蕊,jeoi1,1
蕊,jeoi5,3
蕊,jeoi6,1
蕌,kiu5,1
蕎,kiu2,5
蕎,kiu4,1
蕎,kiu5,1
蕙,wai6,3
蕨,kyut3,1
蕩,dong3,2
蕩,dong6,26
蕪,mou4,3
蕭,siu1,5
蕹,ngung3,1
蕹,ung3,1
蕾,leoi4,4
蕾,leoi5,1
薂,sik1,1
薄,bik1,1
薄,bok3,1
薄,bok6,51
薇,mei4,2
薈,wui6,3
薏,ji3,1
薑,goeng1,27
薔,coeng4,1
薘,daat6,2
薛,sit3,1
薦,zin3,12
薩,saat3,18
薪,san1,37
薯,syu2,9
薯,syu4,24
薰,fan1,5
薰,wan1,1
薳,jyun5,1
薸,piu2,1
薺,gu1,1
藉,ze3,5
藉,zik6,6
藍,laam4,47
藏,cong4,34
藏,zong6,9
藐,miu2,6
藐,miu5,2
藕,ngau5,10
藜,lai4,1
藝,ngai6,45
藤,tan4,1
藤,tang4,13
藥,joek6,105
藩,faan4,3
藪,dau3,1
藪,sau2,1
藭,kung1,1
藭,kung4,1
藴,wan2,1
藴,wan5,4
藹,ngoi2,1
藹,oi1,1
藹,oi2,2
藺,leon6,2
藻,zou2,3
蘆,lou2,3
蘆,lou4,5
蘆,lou6,1
蘇,sou1,31
蘇,sou4,1
蘋,ping4,4
蘑,mo4,1
蘭,laan1,11
蘭,laan2,5
蘭,laan4,51
蘸,jaam2,1
蘸,jaam5,1
蘸,zaam3,1
蘿,lo4,36
虍,fu1,1
虎,fu1,3
虎,fu2,69
虐,joek3,1
虐,joek6,14
虔,kin4,3
處,cyu2,16
處,cyu3,64
處,cyu5,68
處,syu2,7
處,syu3,13
虛,heoi1,64
虜,lou5,2
虞,jyu4,4
號,hou2,32
號,hou6,123
虧,kwai1,21
虱,sat1,13
虹,hung3,2
虹,hung4,9
蚊,man1,34
蚊,mang1,4
蚌,pong5,5
蚍,pei4,2
蚓,jan5,1
蚣,gung1,3
蚤,sat1,2
蚤,zou2,4
蚧,gaai3,1
蚩,ci1,1
蚪,dau2,1
蚯,jau1,1
蚱,zaa3,2
蚵,o1,1
蚶,ham1,2
蚺,naam4,1
蛀,zyu3,7
蛆,zeoi1,1
蛇,ji4,1
蛇,se2,3
蛇,se4,88
蛋,daan2,81
蛋,daan4,1
蛋,daan6,17
蛙,waa1,10
蛛,zyu1,3
蛞,fut3,1
蛞,kut3,1
蛟,gaau1,1
蛤,gaap3,6
蛤,gap3,1
蛤,haa1,5
蛭,zat6,1
蛹,jung2,2
蛾,ngo4,4
蜀,suk6,4
蜂,fung1,15
蜃,san4,1
蜃,san5,1
蜃,san6,1
蜆,hin2,9
蜇,zit3,1
蜈,ng4,3
蜉,fau4,2
蜊,lei4,1
蜍,ceoi4,1
蜑,daan6,4
蜑,dang6,4
蜒,jin4,3
蜓,ting4,3
蜕,teoi3,1
蜘,zi1,1
蜚,fei1,4
蜜,mat6,28
蜞,kei2,5
蜞,kei4,5
蜢,maang1,2
蜢,maang2,7
蜢,maang5,2
蜥,sik1,1
蜴,jik6,1
蜷,kyun4,1
蜻,cing1,3
蜿,jyun1,1
蜿,jyun2,2
蝌,fo1,1
蝓,jyu4,2
蝕,sik6,12
蝕,sit6,20
蝗,wong4,2
蝙,pin1,1
蝞,mei1,1
蝟,wai6,1
蝠,fuk1,3
蝦,haa1,74
蝨,sat1,14
蝴,wu4,14
蝶,dip2,4
蝶,dip6,16
蝸,wo1,3
蝻,naam4,2
螂,lang1,1
螂,long4,3
螃,pong4,3
螄,si1,1
螆,zi1,5
融,jung4,15
螞,maa1,1
螞,maa5,3
螢,jing4,8
螫,cik1,1
螫,sik1,1
螯,ngou4,1
螳,tong4,1
螺,lo2,10
螺,lo4,19
蟀,seot1,4
蟄,zik6,2
蟆,maa4,3
蟆,mou1,5
蟋,sik1,1
蟎,mun5,2
蟑,zoeng1,1
蟒,mong5,2
蟛,paang4,2
蟝,keoi2,1
蟠,faan1,1
蟠,pun4,1
蟥,wong4,2
蟧,lou2,2
蟧,lou4,3
蟬,sim4,6
蟬,sin4,1
蟲,cung2,9
蟲,cung4,63
蟶,cing1,1
蟶,sing3,1
蟹,haai5,62
蟻,ngai5,19
蟾,sim4,1
蠄,kam4,6
蠅,jing1,11
蠅,jing4,8
蠍,kit3,5
蠓,mung1,1
蠓,mung5,1
蠔,hou4,5
蠕,jyu4,1
蠟,laap6,18
蠢,ceon2,14
蠱,gu2,12
蠶,caam4,12
蠻,maan4,12
血,hyut3,146
衊,mit6,2
行,haang4,91
行,hang4,208
行,hang6,12
行,hong2,27
行,hong4,64
衍,hin2,7
衍,jin2,1
衍,jin5,1
衒,jin2,1
術,seot6,55
衕,tung4,1
街,gaa1,1
街,gaai1,124
衙,ngaa4,2
衚,wu4,1
衝,cung1,35
衞,wai6,29
衡,hang4,16
衢,keoi4,1
衣,ji1,101
衣,ji3,4
衤,ji1,1
表,biu1,6
表,biu2,80
衩,caa1,2
衫,saam1,53
衰,ceoi1,1
衰,seoi1,78
衲,naap6,2
衷,cung1,12
衾,kam1,1
袁,jyun4,1
袂,mai6,1
袈,gaa1,1
袋,doi2,56
袋,doi6,24
袍,pou2,2
袍,pou4,14
袒,taan2,3
袖,zau6,19
袜,mat6,1
袞,gwan2,2
被,bei6,14
被,pei1,2
被,pei3,1
被,pei5,20
袱,fuk6,2
裁,coi4,26
裂,lit6,26
裇,seot1,3
裏,lei1,2
裏,leoi5,31
裔,jeoi6,8
裕,jyu6,5
裘,kau4,4
裙,kwan2,2
裙,kwan4,34
補,bou2,95
裝,zoi1,1
裝,zong1,106
裟,saa1,1
裨,bei1,2
裱,biu2,1
裳,soeng4,3
裴,pui4,1
裸,lo2,15
裹,gwo2,8
製,zai3,40
褂,kwaa2,4
複,fuk1,27
褒,bou1,5
褓,bou2,3
褚,cyu5,1
褡,daap3,1
褥,juk2,3
褥,juk6,1
褦,lang3,5
褦,le5,1
褪,tan3,11
褪,teoi3,1
褫,ci1,1
褫,ci2,1
褲,fu3,77
褶,zaap3,2
褶,zaap6,2
褶,zip3,1
褶,zip6,1
褸,lau1,25
褸,lau5,2
褸,leoi5,1
褻,sit3,5
襁,koeng5,1
襄,soeng1,3
襟,kam1,20
襠,long6,4
襤,laam4,4
襪,mat6,12
襯,can3,21
襲,zaap6,18
襶,daai4,1
襶,de2,1
西,sai1,182
要,jiu1,5
要,jiu3,81
覃,cam4,1
覆,fuk1,29
見,gin3,205
見,jin6,2
規,kwai1,45
覓,mik6,4
視,si5,1
視,si6,86
覦,jyu4,1
親,can1,117
親,can3,2
覬,gei3,3
覲,gan3,1
覲,gan6,1
覷,ceoi3,3
覺,gaau1,1
覺,gaau3,11
覺,gaau4,1
覺,gok3,38
覽,laam5,16
觀,gun1,84
觀,gun3,3
角,gok2,7
角,gok3,137
觔,gan1,1
解,gaai2,118
解,gaai3,6
觸,zuk1,32
言,jin4,176
訁,jin4,1
訂,deng6,22
訂,ding3,3
訂,ding6,14
訃,fu6,3
計,gai2,17
計,gai3,82
計,gei3,2
訊,seon3,26
訌,hung3,3
討,tou2,28
訓,fan3,27
訕,saan3,1
訖,gat4,4
訖,gat6,5
訖,ngat6,1
託,tok3,17
記,gei3,95
訛,ngo4,6
訝,ngaa5,2
訝,ngaa6,2
訟,zung6,6
訣,kyut3,6
訪,fong2,26
設,cit3,54
許,heoi2,29
訴,sou3,24
診,can2,21
註,zyu3,12
証,zing3,55
詁,gu2,1
詆,dai2,2
詎,geoi6,1
詏,aau3,3
詐,zaa3,34
詔,ziu3,1
詔,ziu6,1
評,ping4,44
詛,zeoi2,1
詛,zo3,1
詞,ci4,87
詠,wing6,4
詡,heoi2,1
詢,seon1,10
詣,ngai6,2
試,si3,57
試,si5,22
詩,si1,30
詫,caa3,2
詬,gau3,2
詭,gwai2,10
詮,cyun4,3
詰,gat6,1
話,waa2,85
話,waa3,1
話,waa5,5
話,waa6,166
該,goi1,19
詳,coeng4,17
詹,zim1,1
詼,fui1,1
誅,zyu1,9
誇,kwaa1,12
誌,zi3,8
認,jing2,1
認,jing6,71
誒,e2,1
誒,e4,1
誒,e6,1
誒,ei2,1
誓,sai6,21
誕,daan3,17
誘,jau5,19
語,jyu5,136
誠,sing4,26
誡,gaai3,7
誣,mou4,5
誤,ng6,27
誦,zung6,6
誨,fui3,3
説,seoi3,7
説,syut3,75
誰,seoi2,1
誰,seoi4,6
課,fo3,35
誹,fei2,3
誼,ji4,8
誼,ji6,3
誽,ai1,1
調,diu6,53
調,tiu4,42
諄,zeon1,1
談,taam4,52
諉,wai2,2
請,ceng2,27
請,cing2,45
諒,loeng6,9
論,leon2,4
論,leon6,94
諗,nam2,32
諛,jyu4,1
諜,dip6,2
諡,si3,1
諢,wan6,1
諦,dai3,8
諦,dai6,1
諦,tai3,1
諧,haai4,7
諫,gaan3,3
諭,jyu6,3
諮,zi1,2
諱,wai5,8
諳,am1,2
諷,fung2,1
諷,fung3,8
諸,zyu1,30
諺,jin6,5
諾,nok6,13
謀,mau4,45
謀,mau6,2
謂,wai6,13
謄,tang4,2
謅,zau3,2
謊,fong1,9
謎,mai4,8
謔,joek6,3
謗,bong6,3
謗,pong5,3
謙,him1,10
謚,si3,1
講,gong2,167
謝,ze6,36
謠,jiu4,11
謫,zaak6,1
謬,mau6,4
謯,zaa2,1
謳,au1,2
謹,gan2,9
謾,maan6,1
譁,waa1,3
證,zing3,98
譎,gwat1,1
譎,kyut3,1
譏,gei1,4
譖,cam3,2
識,sik1,93
譚,taam4,3
譜,pou2,21
警,ging2,71
譬,pei3,3
譭,wai2,4
譯,jik6,21
議,ji5,49
議,ji6,1
譴,hin2,3
護,wu6,54
譽,jyu6,20
讀,duk6,61
變,bin3,98
讌,jin3,1
讎,sau4,1
讒,caam4,2
讓,joeng6,31
讕,laan2,8
讖,caam3,2
讖,cam3,2
讚,zaan3,17
谷,guk1,27
谷,juk6,1
豁,kut3,5
豆,dau2,40
豆,dau6,78
豈,hei2,6
豉,si2,3
豉,si6,14
豎,syu6,9
豐,fung1,20
豔,jim6,11
豚,tyun4,5
象,zoeng6,57
豪,hou4,26
豫,ji4,2
豫,jyu4,2
豫,jyu6,3
豬,zyu1,154
豹,paau3,6
豺,caai4,3
貂,diu1,2
貅,jau1,1
貉,hok6,2
貉,lok6,2
貌,maau6,24
貓,maau1,80
貔,pei4,1
貝,bui3,16
貞,zing1,7
負,fu6,54
財,coi4,85
貢,gung3,22
貧,pan4,26
貨,fo3,112
販,faan2,7
販,faan3,3
販,faan6,1
貪,taam1,37
貫,gun3,17
責,zaak3,34
責,zaak6,4
貯,cyu5,3
貳,ji6,2
貴,gwai3,84
貶,bin2,9
買,maai5,67
貸,taai3,7
費,bei3,1
費,fai3,86
貼,tip1,5
貼,tip3,51
貽,ji4,2
貿,mau6,12
賀,ho6,20
賂,lou6,1
賃,jam6,1
賄,fui2,1
賄,kui2,6
賅,goi1,1
資,zi1,58
賈,gaa2,1
賈,gu2,2
賊,caak2,3
賊,caak3,5
賊,caak6,27
賑,zan3,3
賒,se1,2
賓,ban1,32
賜,ci3,9
賞,soeng2,28
賠,pui4,18
賢,jin4,14
賣,maai2,1
賣,maai5,1
賣,maai6,115
賤,zin1,1
賤,zin6,34
賦,fu3,9
質,zat1,74
質,zi3,3
賬,zoeng3,26
賭,dou2,45
賴,laai2,2
賴,laai3,4
賴,laai4,5
賴,laai5,1
賴,laai6,33
賸,sing6,1
賺,zaan2,2
賺,zaan6,6
購,gau3,24
購,kau3,24
賽,coi3,55
贅,zeoi6,5
贈,zang6,17
贊,zaan3,6
贋,ngaan6,1
贍,sim6,2
贍,sin6,2
贏,jeng4,20
贓,zong1,8
贖,suk6,6
贖,zuk6,1
贗,ngaan6,1
贛,gam3,1
贛,gung3,1
赤,cek3,35
赤,cik3,3
赦,se3,5
赧,naan2,3
赧,naan3,2
赫,haak1,6
赫,hak1,6
走,zau2,153
赳,dau2,2
赳,gau2,2
赴,fu6,16
起,hei2,237
趁,can3,18
趄,ce2,1
超,ciu1,73
超,ciu2,1
越,jyut6,46
趌,gat6,5
趑,ci1,1
趕,gon2,31
趙,ziu6,2
趟,tong3,7
趣,ceoi2,2
趣,ceoi3,30
趨,ceoi1,12
趯,dek3,6
趯,dek6,2
趲,zaan2,1
足,zuk1,95
趴,paa1,3
趷,gat4,4
趷,gat6,17
趻,dam6,2
趾,zi2,13
跆,toi4,1
跋,bat6,3
跌,dit3,33
跌,tit3,2
跎,to4,7
跑,paau2,41
跔,koe4,1
跚,saan1,2
跛,bai1,12
跛,bo2,1
距,keoi5,11
跟,gan1,34
跡,zik1,28
跣,sin3,4
跤,gaau1,3
跨,kwaa1,9
跪,gwai6,10
路,lou2,8
路,lou3,12
路,lou6,227
跳,tiu3,76
跳,tiu4,1
踉,long4,1
踎,mau1,12
踏,daap3,1
踏,daap6,21
踐,cin2,2
踐,cin5,3
踐,zin6,1
踝,lo2,2
踝,waa5,2
踞,geoi3,4
踞,goe1,1
踢,tek3,19
踢,tek6,2
踢,tet6,2
踩,caai2,29
踩,jaai2,12
踪,zung1,3
踭,zaang1,17
踮,dim3,1
踱,dok6,3
踴,jung2,2
踵,zung2,2
踹,caai2,3
踹,jaai2,3
踽,geoi2,2
踿,cau1,1
蹂,jau4,3
蹄,tai2,2
蹄,tai4,14
蹄,ti4,2
蹈,dou6,7
蹈,tou1,1
蹉,co1,2
蹊,kei1,2
蹋,taap3,1
蹌,coeng3,1
蹟,zik1,9
蹣,mun4,2
蹤,zung1,9
蹦,baang6,2
蹦,bang1,1
蹩,bit6,2
蹬,dang1,1
蹱,zung1,1
蹲,cyun4,1
蹲,deon1,3
蹲,zeon1,2
蹴,cuk1,1
蹶,kyut3,1
蹸,lan4,1
蹺,kiu1,2
蹺,kiu2,9
蹺,kiu5,2
蹼,buk6,2
蹼,pok3,1
躀,gwaan3,1
躁,cou3,15
躂,daat3,3
躇,cyu4,2
躉,dan1,2
躉,dan2,16
躉,dan3,1
躊,cau4,2
躋,zai1,1
躍,joek3,14
躍,joek6,2
躓,zat6,1
躙,leon6,1
躝,laan1,8
躡,nip6,2
躡,sip6,2
躪,leon6,1
身,san1,311
躬,gung1,5
躲,do2,4
躺,tong2,4
軀,keoi1,8
車,ce1,292
車,geoi1,16
軌,gwai2,23
軍,gwan1,105
軒,hin1,3
軚,taai1,3
軚,taai3,2
軚,taai5,16
軛,aak1,3
軛,ngaak6,1
軟,jyun5,54
軨,ling1,5
軨,ling4,1
軭,waang1,3
軲,gu1,4
軸,zuk6,8
軼,jat6,2
較,gaau3,17
載,zoi2,5
載,zoi3,29
輋,ce4,1
輒,zip3,2
輓,waan5,4
輔,fu6,10
輕,heng1,29
輕,heng4,1
輕,heng6,2
輕,hing1,60
輛,loeng2,2
輛,loeng6,1
輝,fai1,5
輟,zyut3,2
輟,zyut6,2
輩,bui3,20
輪,lan4,1
輪,leon2,11
輪,leon4,45
輯,cap1,14
輸,syu1,48
輻,fuk1,4
輾,nin5,1
輾,zin2,5
輿,jyu4,3
轂,gu1,1
轄,hat6,7
轅,jyun4,2
轆,luk1,27
轇,gaau1,2
轉,zyun2,84
轉,zyun3,93
轍,cit3,10
轎,giu2,1
轎,kiu2,4
轕,got3,2
轟,gwang1,16
轟,gwang2,1
轟,gwang4,2
辛,san1,21
辜,gu1,6
辟,bik1,1
辟,pik1,7
辣,laat1,2
辣,laat3,4
辣,laat6,33
辣,naat3,6
辦,baan2,19
辦,baan6,44
辨,bin6,6
辭,ci4,40
辮,bin1,9
辯,bin6,25
辰,san2,2
辰,san4,16
辱,juk6,16
農,nung4,24
辶,coek3,1
迂,jyu1,4
迄,ngat6,2
迅,seon3,4
迎,jing4,31
近,gan2,2
近,gan6,57
近,kan5,7
迓,ngaa4,2
返,faan1,61
返,faan2,16
迢,tiu4,2
迥,gwing2,2
迦,gaa1,2
迪,dik6,7
迫,baak1,3
迫,bik1,34
迫,bik6,2
迭,dit6,3
迮,zaak3,2
迮,zaak6,1
述,seot6,34
迴,wui4,19
迷,mai4,65
追,zeoi1,61
迾,laat6,2
退,teoi3,70
送,sung3,63
逃,tou4,35
逅,hau6,1
逆,jik6,30
逆,ngaak6,2
逍,siu1,3
透,tau1,1
透,tau2,2
透,tau3,36
逐,zuk6,25
途,tou4,32
逕,ging3,7
逗,dau6,15
這,ze2,10
這,ze3,1
這,ze5,9
通,tung1,198
逛,gwaang3,2
逛,kwaang3,2
逝,sai6,11
逞,cing2,4
速,cuk1,57
造,cou3,7
造,cou5,1
造,zou3,1
造,zou6,71
逢,fung4,31
連,lin1,1
連,lin4,79
逮,dai6,5
週,zau1,21
進,zeon3,84
逳,juk1,1
逸,jat6,11
逼,bi1,1
逼,bik1,41
逼,bik6,1
逾,jyu4,1
逾,jyu6,3
遁,deon6,7
遂,seoi5,5
遂,seoi6,5
遇,jyu6,44
遊,jau4,72
運,wan6,94
遍,pin3,13
過,go4,2
過,gwo2,1
過,gwo3,354
過,gwo4,2
遏,aat3,5
遏,at1,2
遏,kit3,1
遐,haa4,5
遑,wong4,2
道,dou2,1
道,dou3,1
道,dou6,206
達,daat6,53
違,wai4,17
遙,jiu4,17
遜,seon3,7
遞,dai6,16
遠,jyun5,72
遢,taap3,1
遢,taat3,5
遣,hin2,10
遨,ngou6,1
適,sik1,25
遭,zou1,7
遮,ze1,38
遯,tan4,1
遲,ci4,27
遴,leon4,1
遵,zeon1,7
遷,cin1,18
選,syun2,71
遺,wai4,40
遼,liu4,3
避,bei6,50
邀,jiu1,8
邁,maai1,1
邁,maai6,7
邂,haai5,1
還,waan4,61
邇,ji5,3
邊,bin1,165
邊,bin6,12
邋,laap6,2
邋,laat6,4
邏,lo4,2
邑,jap1,3
邢,jing4,1
那,laa1,2
那,naa2,3
那,naa3,1
那,naa4,6
那,naa5,17
邦,bong1,16
邨,cyun1,5
邪,ce2,2
邪,ce4,28
邱,jau1,1
邵,siu6,1
邸,dai2,1
郁,juk1,31
郊,gaau1,10
郎,long2,5
郎,long4,21
郝,kok3,1
郡,gwan6,1
部,bou6,55
郭,gwok3,2
郵,jau4,29
都,dou1,160
鄂,ngok6,2
鄉,hoeng1,58
鄒,zau1,1
鄙,pei2,7
鄧,dang6,3
鄭,zeng6,3
鄰,leon4,19
鄺,kwong3,1
酉,jau5,1
酊,ding2,1
酋,jau4,3
酌,zoek3,9
配,pui3,49
酒,zau2,126
酗,jyu1,1
酗,jyu3,1
酡,to2,1
酡,to4,3
酢,zok3,1
酢,zok6,1
酣,ham4,3
酥,sou1,9
酩,ming5,1
酪,lok6,1
酬,cau2,1
酬,cau4,18
酮,tung4,4
酵,haau1,4
酶,mui4,1
酷,huk6,10
酸,syun1,49
酹,laai3,1
酹,laai6,1
醂,lam5,1
醃,jim1,1
醃,jip3,3
醇,seon4,6
醉,zeoi3,36
醋,cou2,1
醋,cou3,16
醍,tai4,1
醐,wu4,1
醒,seng2,14
醒,sing2,47
醖,wan5,1
醛,cyun4,1
醜,cau2,41
醣,tong4,1
醫,ji1,61
醬,zoeng3,33
醮,ziu3,3
醺,fan1,3
釀,joeng6,7
釁,jan6,1
采,coi2,10
釉,jau2,1
釉,jau6,1
釋,sik1,25
里,lei1,2
里,lei2,3
里,lei4,1
里,lei5,53
里,lei6,1
里,li1,1
重,cung3,1
重,cung4,89
重,cung5,74
重,zung6,73
野,je5,53
量,loeng2,2
量,loeng4,18
量,loeng6,80
釐,lai4,1
釐,lei4,10
金,gam1,242
釒,gam1,1
釔,jyut3,1
釗,ciu1,1
釘,deng1,56
釜,fu2,4
針,zam1,67
釣,diu3,18
釦,kau3,1
釩,faan4,1
釵,caa1,1
釵,caai1,2
釷,tou2,1
鈀,baa1,1
鈀,baa2,1
鈈,bat1,1
鈈,bui1,1
鈉,naap6,1
鈍,deon6,7
鈎,ngau1,10
鈑,baan2,1
鈒,zaap6,1
鈔,caau1,10
鈕,nau2,13
鈞,gwan1,3
鈞,kwan1,1
鈣,koi3,1
鈦,taai3,1
鈧,kong3,1
鈪,aak2,5
鈪,ngaak2,5
鈴,ling1,9
鈴,ling4,17
鈷,gu2,1
鈸,bat6,1
鈹,pei4,1
鈽,bou1,1
鈾,jau2,1
鉀,gaap3,1
鉅,geoi6,7
鉈,to2,1
鉑,baak6,2
鉑,bok6,1
鉗,kem2,2
鉗,kim2,6
鉗,kim4,7
鉛,jyun4,9
鉞,jyut6,1
鉢,but6,1
鉸,gaau3,11
鉻,lok6,1
銀,ngan2,20
銀,ngan4,69
銀,ngang2,1
銀,ngang4,1
銃,cung1,1
銃,cung3,4
銃,cung6,2
銅,tung2,1
銅,tung4,26
銖,syu4,1
銖,zyu1,4
銘,ming4,3
銘,ming5,10
銜,haam4,11
銜,ham4,1
銣,jyu6,1
銥,ji1,1
銥,ji2,1
銫,sik1,1
銬,kaau3,2
銯,si1,1
銲,hon5,1
銷,siu1,41
銻,tai1,2
銼,co3,3
銾,hung3,1
銾,hung6,1
鋁,leoi5,2
鋅,san1,1
鋅,sing1,3
鋌,ting5,1
鋒,fung1,17
鋤,co4,12
鋪,pou1,25
鋭,jeoi6,10
鋯,gou3,1
鋰,lei5,2
鋸,goe1,2
鋸,goe3,11
鋹,caang4,1
鋼,gong3,16
錄,luk2,5
錄,luk6,41
錐,jeoi1,2
錐,zeoi1,6
錒,aa3,1
錔,taap3,2
錘,ceoi2,2
錘,ceoi4,6
錘,seoi4,1
錙,zi1,1
錚,zang1,1
錢,cin2,92
錢,cin4,42
錦,gam2,18
錨,naau4,3
錫,sek3,11
錫,sek6,3
錮,gu3,1
錯,co3,87
錯,cok3,3
錳,maang5,2
錶,biu1,28
鍊,lin2,10
鍊,lin6,5
鍋,wo1,11
鍍,dou6,3
鍘,zaap6,1
鍛,dyun3,4
鍟,seng1,1
鍟,seng3,1
鍥,kit3,1
鍬,cau1,1
鍬,ciu1,1
鍵,gin6,11
鍶,si1,1
鍺,ze2,1
鍾,zung1,9
鎂,mei5,2
鎅,gaai3,12
鎊,bong2,1
鎊,bong6,2
鎔,jung4,1
鎖,so2,35
鎗,coeng1,6
鎘,gaak3,1
鎚,ceoi2,3
鎚,ceoi4,7
鎝,taap3,1
鎢,wu1,2
鎧,hoi2,1
鎩,saat3,1
鎮,zan3,16
鎮,zan6,1
鎳,nip6,1
鎵,gaa1,1
鏈,lin2,13
鏍,leoi1,1
鏍,lo4,1
鏗,hang1,4
鏘,coeng1,4
鏟,caan2,15
鏡,geng2,11
鏡,geng3,74
鏢,biu1,7
鏨,zaam6,2
鏹,koeng5,3
鏽,sau3,6
鏾,sin3,1
鐔,taam4,2
鐘,zung1,62
鐧,gaan2,3
鐮,lim4,3
鐲,zuk6,1
鐳,leoi1,4
鐳,leoi4,3
鐵,tit3,118
鐸,dok6,4
鐺,caang1,1
鑄,zyu3,4
鑊,wok2,1
鑊,wok6,66
鑑,gaam3,14
鑒,gaam3,13
鑔,caa2,1
鑔,caa4,1
鑞,laap6,1
鑠,soek3,1
鑣,biu1,3
鑰,joek6,2
鑲,soeng1,2
鑼,lo2,5
鑼,lo4,17
鑽,zyun3,18
鑿,zok2,1
鑿,zok6,11
長,coeng4,186
長,zoeng2,84
長,zoeng6,1
門,mun2,24
門,mun4,191
閂,saan1,9
閃,sim2,40
閉,bai3,48
開,hoi1,349
閏,jeon6,5
閑,haan4,8
閒,haan2,5
閒,haan4,56
間,gaan1,81
間,gaan3,42
閔,man5,1
閘,zaap6,30
閡,hat6,1
閣,gok3,10
閥,fat6,4
閧,hung3,1
閨,gwai1,11
閩,man5,2
閪,hai1,20
閲,jyut6,20
閹,jim1,3
閻,jim4,4
闆,baan2,5
闊,fut3,35
闋,kyut3,2
闌,laan4,5
闔,hap6,3
闕,kyut3,5
闖,cong2,5
關,gwaan1,121
關,gwaang1,1
闡,cin2,4
闡,zin2,4
闢,pik1,6
阜,fau6,1
阡,cin1,1
阪,baan2,1
阮,jyun2,2
阱,zeng6,2
阱,zing6,3
防,fong4,72
阻,zo2,37
阿,aa3,125
阿,aa6,2
阿,o1,11
陀,doe4,1
陀,to2,1
陀,to4,26
附,fu6,30
陋,lau6,7
陌,mak6,5
降,gong3,26
降,hong4,6
限,haan6,37
陛,bai6,2
陝,sim2,1
陞,sing1,2
陡,dau2,1
院,jyun2,59
陣,zam6,1
陣,zan2,7
陣,zan6,70
陣,zing6,2
除,ceoi4,72
陪,pui4,24
陰,jam1,98
陲,seoi4,1
陳,can2,2
陳,can4,36
陵,ling4,5
陶,jiu4,1
陶,tou4,13
陷,haam6,12
陷,ham6,18
陸,luk6,35
陽,joeng2,1
陽,joeng4,50
隅,jyu4,2
隅,jyu6,3
隆,lung4,19
隊,deoi2,60
隊,deoi6,16
隋,ceoi4,1
隍,wong4,3
階,gaai1,29
隔,gaak3,55
隕,wan5,4
隘,aai3,2
隙,kwik1,5
際,zai3,33
障,zoeng3,17
隧,seoi6,11
隨,ceoi4,63
險,him2,46
隱,jan2,40
隸,dai6,5
隻,zek3,60
雀,zoek2,19
雀,zoek3,25
雁,ngaan6,2
雄,hung4,41
雅,ngaa5,30
集,zaap2,2
集,zaap6,57
雇,gu3,2
雉,zi1,1
雉,zi6,2
雋,syun5,2
雋,zeon3,1
雌,ci1,9
雍,jung1,1
雕,diu1,18
雖,seoi1,10
雙,soeng1,87
雛,co1,3
雜,zaap2,3
雜,zaap6,75
雞,gai1,348
離,le2,1
離,le4,5
離,lei4,112
難,naan4,121
難,naan6,42
雨,jyu5,100
雪,syut1,2
雪,syut2,1
雪,syut3,80
雪,syut4,1
雫,laa3,1
雯,man4,1
雲,wan2,1
雲,wan4,73
雲,wan5,1
雲,wan6,4
零,leng1,1
零,leng2,1
零,leng4,1
零,ling1,3
零,ling2,2
零,ling4,46
雷,leoi4,56
雹,bok6,2
電,din6,270
需,seoi1,14
霄,siu1,4
霆,ting4,3
震,zan3,50
霉,mou1,2
霉,mui4,8
霍,fok3,4
霎,saap3,14
霎,saap6,2
霎,sap1,1
霑,zim1,1
霓,ngai4,2
霖,lam3,1
霖,lam4,2
霜,soeng1,16
霞,haa4,8
霧,mou6,24
霰,saan2,2
霰,sin3,1
露,lou6,75
霸,baa3,42
霹,pik1,3
霾,maai4,2
靂,lik1,2
靄,oi2,1
靈,leng4,6
靈,ling1,1
靈,ling4,71
青,ceng1,50
青,cing1,73
靖,zing6,1
靚,leng1,1
靚,leng3,27
靚,ling3,2
靛,din6,1
靜,zing2,2
靜,zing6,56
非,fei1,97
靠,kaau3,23
靡,mei4,1
靡,mei5,9
靡,mo1,2
面,min2,92
面,min6,265
靦,min5,2
革,gaak3,18
革,gaap3,1
靭,ngan6,1
靴,hoe1,9
靶,baa2,9
靸,taat3,1
鞋,haai2,3
鞋,haai4,56
鞍,on1,5
鞏,gung2,1
鞘,ciu3,1
鞠,guk1,4
鞦,cau1,2
鞭,bin1,13
韁,goeng1,3
韆,cin1,2
韋,wai5,2
韌,jan6,5
韌,ngan1,1
韌,ngan6,8
韓,hon4,14
韙,wai5,2
韜,tou1,3
韞,wan3,3
韭,gau2,3
韮,gau2,2
音,jam1,144
韵,wan5,1
韻,wan5,15
響,hoeng2,52
頁,jip6,15
頂,deng2,32
頂,ding2,84
頃,king2,3
頃,king5,2
項,hong2,1
項,hong6,17
順,seon2,1
順,seon6,83
頇,hon1,1
頇,nget4,2
頇,nget6,2
須,seoi1,18
頌,zung6,7
預,jyu6,49
頑,waan4,11
頒,baan1,7
頒,paan1,2
頓,deon1,3
頓,deon2,1
頓,deon6,25
頗,po1,1
頗,po2,3
領,leng2,1
領,leng5,21
領,ling5,55
頡,kit3,1
頤,ji4,5
頭,tau2,106
頭,tau4,766
頰,gaap3,4
頰,haap3,2
頷,ham5,3
頸,geng2,73
頹,teoi4,6
頻,pan4,24
頽,teoi4,1
顆,fo2,2
題,tai4,50
額,ngaak2,31
額,ngaak3,4
額,ngaak6,14
顎,ngok6,4
顏,ngaan4,36
願,jyun2,2
願,jyun6,43
顛,din1,12
類,leoi2,2
類,leoi6,37
顢,mun4,1
顧,gu3,47
顫,zim1,2
顫,zin3,9
顯,hin2,31
顰,pan4,3
顱,lou4,2
顴,kyun4,2
風,fung1,341
颯,saap3,4
颯,saap6,2
颯,sep6,2
颱,toi4,2
颳,gwaat3,1
颶,geoi6,1
颼,sau1,2
飄,peu1,4
飄,piu1,24
飆,biu1,7
飛,fei1,180
食,sik4,1
食,sik6,380
飠,sik6,1
飢,gei1,13
飩,tan1,2
飪,jam6,2
飯,faan6,171
飲,jam2,79
飴,ji4,2
飼,zi6,5
飽,baau1,2
飽,baau2,38
飾,sik1,19
餃,gaau2,5
餅,beng2,84
餉,hoeng2,2
養,joeng5,87
餌,nei6,3
餐,caan1,82
餒,neoi5,1
餓,ngo6,16
餔,pou2,1
餘,jyu4,44
餚,ngaau4,3
餛,wan4,2
餞,zin3,4
餞,zin6,1
餡,haam2,2
館,gun2,48
餮,tit3,1
餲,aat3,1
餲,ngaat3,2
餵,wai3,8
餸,sung3,20
餼,hei3,2
餾,lau6,2
餿,saau3,3
餿,suk1,2
饅,maan6,2
饈,sau1,1
饉,gan2,2
饊,saan2,1
饋,gwai3,4
饋,kwai5,3
饌,zaan3,1
饌,zaan6,1
饌,zaang6,2
饑,gei1,9
饒,jiu4,14
饔,jung1,1
饕,tou1,2
饞,caam4,2
首,sau2,75
馗,kwai4,1
香,hoeng1,131
馥,fuk1,1
馨,hing1,6
馬,maa1,7
馬,maa5,316
馭,jyu6,1
馮,fung2,1
馮,fung4,1
馱,to4,1
馳,ci4,10
馴,seon4,10
駁,bok3,35
駅,jik6,1
駐,zyu3,9
駒,keoi1,1
駕,gaa3,24
駙,fu6,1
駛,sai2,17
駝,to2,2
駝,to4,9
駢,pin4,1
駭,haai5,5
駭,haai6,3
駱,lok6,3
駿,zeon3,2
騁,cing2,1
騎,gei6,1
騎,ke4,33
騎,kei3,1
騎,kei4,1
騖,mou6,2
騙,pin3,25
騭,zat1,3
騮,lau1,14
騰,tan2,1
騰,tan4,9
騰,tang4,28
騷,sou1,19
騸,sin3,3
騾,leoi4,5
騾,lo4,2
驀,mak6,2
驅,keoi1,18
驍,hiu1,1
驕,giu1,8
驗,jim6,38
驚,geng1,26
驚,ging1,66
驛,jik6,4
驟,zaau6,10
驢,leoi4,3
驢,lou4,3
驥,kei3,2
骨,gwat1,162
骯,ong1,1
骰,sik1,15
骷,fu1,7
骸,haai4,5
骹,gaau3,9
骹,haau1,2
骼,gaak3,1
骼,lok6,1
骾,kang2,6
骿,pin4,1
髀,bei2,21
髆,bok3,3
髇,haau1,1
髈,bong2,1
髏,lau4,3
髏,lou4,4
髒,zong1,3
髓,seoi5,7
體,tai2,183
髖,fun1,2
高,gou1,266
髣,fong2,1
髦,mou1,1
髧,dam1,1
髧,dam3,11
髧,dam4,1
髭,zi1,1
髮,faat3,52
髴,fat1,1
髹,jau4,3
髻,gai3,4
鬃,zung1,1
鬆,sung1,55
鬈,lyun1,1
鬍,wu4,5
鬙,sang4,2
鬚,sou1,24
鬟,waan4,2
鬢,ban3,6
鬥,dau3,64
鬥,dau6,1
鬧,naau6,25
鬨,hung3,2
鬩,jik1,1
鬭,dau3,1
鬱,wat1,13
鬻,juk6,1
鬼,gwai2,243
魁,fui1,8
魂,wan4,40
魄,paak3,12
魅,mei6,3
魅,mui6,2
魍,mong5,1
魎,loeng5,1
魏,ngai6,2
魑,ci1,1
魔,mo1,33
魘,jim2,1
魚,jyu2,95
魚,jyu4,135
魟,gung1,1
魟,hung4,1
魨,tyun4,1
魯,lou5,15
魷,jau2,4
魷,jau4,6
鮋,jau2,1
鮎,nim1,2
鮎,nim4,2
鮑,baau1,12
鮑,baau6,1
鮒,fu6,1
鮓,zaa2,8
鮓,zaa3,1
鮨,kei4,1
鮨,ngai6,1
鮨,zi1,1
鮨,zi2,1
鮪,jau2,1
鮫,gaau1,2
鮫,gaau3,1
鮮,sin1,45
鮮,sin2,3
鯁,kang1,1
鯁,kang2,5
鯁,kang3,1
鯇,waan5,2
鯉,lei5,5
鯊,saa1,4
鯧,coeng1,3
鯨,king4,6
鯪,leng4,2
鯭,maang1,3
鯰,nim1,2
鯰,nim4,2
鯽,zak1,1
鯿,bin2,1
鰂,zak1,2
鰆,ceon1,1
鰍,cau1,1
鰓,soi1,1
鰛,wan1,2
鰥,gwaan1,1
鰨,taat3,1
鰭,kei4,2
鰲,ngou4,2
鰹,gin1,1
鰻,maan6,4
鰽,cou4,3
鰾,biu1,1
鰾,piu5,1
鱅,sung4,1
鱆,zoeng1,1
鱈,syut3,1
鱉,bit3,1
鱔,sin5,7
鱗,leon4,6
鱭,cai5,1
鱲,laap6,6
鱷,ngok6,8
鱸,lou4,3
鳥,niu5,20
鳩,gau1,32
鳩,gau2,2
鳩,hau6,1
鳩,kau1,2
鳳,fung2,5
鳳,fung6,36
鳴,ming4,19
鴆,zam6,4
鴇,bou2,2
鴉,aa1,14
鴕,to4,1
鴛,jin1,9
鴛,jyun1,11
鴝,keoi4,1
鴞,hiu1,1
鴣,gu1,3
鴦,joeng1,22
鴨,aap2,19
鴨,aap3,54
鴻,hung4,12
鴿,gaap2,6
鴿,gaap3,12
鵑,gyun1,5
鵚,tuk1,1
鵝,ngo2,8
鵝,ngo4,28
鵠,huk6,1
鵡,mou5,1
鵪,am1,3
鵬,paang4,2
鵯,bei1,1
鵰,diu1,3
鵲,coek3,2
鵲,zoek3,4
鶉,ceon1,3
鶩,mou6,3
鶯,ang1,3
鶴,hok2,6
鶴,hok6,11
鶻,wat6,1
鷂,jiu2,3
鷓,ze3,3
鷗,au1,1
鷗,ngau1,1
鷯,liu1,2
鷲,zau6,1
鷸,leot6,1
鷸,neot6,1
鷸,wat6,1
鷹,jing1,13
鷺,lou6,1
鸚,jing1,1
鹵,lou5,8
鹹,haam4,62
鹼,gaan2,7
鹽,jim4,25
鹿,luk2,4
鹿,luk6,5
麂,geng1,2
麒,kei4,9
麓,luk1,1
麖,geng1,1
麗,lai6,20
麗,lei4,1
麝,se6,1
麟,leon2,3
麟,leon4,8
麥,mak2,1
麥,mak6,25
麩,fu1,2
麪,min6,59
麴,guk1,1
麴,kuk1,1
麻,maa1,2
麻,maa2,6
麻,maa4,81
麼,mo1,13
麾,fai1,1
黃,wong2,9
黃,wong4,143
黅,gam4,2
黍,syu2,1
黎,lai2,2
黎,lai4,12
黏,nim1,9
黏,nim4,1
黐,ci1,58
黐,ci4,4
黑,haak1,181
黑,hak1,179
黔,kim4,2
默,mak6,31
黚,gam4,2
黛,doi6,1
黜,zyut3,1
黜,zyut6,2
黝,jau2,3
點,dim2,208
黨,dong2,47
黯,am2,5
黯,am3,7
黴,mei4,2
黴,mui4,1
黷,duk6,1
黹,zi2,3
鼆,mang1,6
鼆,mang4,2
鼎,ding2,11
鼓,gu2,40
鼠,syu2,48
鼬,jau4,1
鼯,ng4,2
鼻,bei6,84
鼾,hon4,6
齊,cai4,43
齋,zaai1,32
齒,ci2,29
齕,gat4,4
齕,gat6,5
齙,baau6,2
齟,zeoi2,1
齡,ling4,17
齣,ceot1,2
齦,ngan4,1
齧,ek6,2
齧,ngaat6,1
齧,ngek6,2
齬,jyu5,1
齮,gi1,5
齮,gi4,4
齶,ngok6,1
龍,lung2,16
龍,lung4,155
龐,pong4,7
龔,gung1,1
龕,am1,3
龕,ham1,3
龜,gwai1,33
龜,gwan1,1
𠆩,faan2,1
𠊎,ngaai4,1
𠎷,saap3,1
𠜎,sin3,1
𠜱,pai1,1
𠝹,gaai3,12
𠠝,lek6,1
𠮨,laai1,1
𠮨,laai3,2
𠮨,naai1,1
𠮨,naai3,3
𠮩,liu1,1
𠱁,tam3,6
𠱂,dat1,8
𠱃,nap1,1
𠱃,nip1,1
𠱓,ngai1,1
𠱸,seon2,1
𠳔,keoi5,1
𠳝,mau1,2
𠴕,miu2,6
𠴝,wong1,1
𠴝,wou1,1
𠵇,keu4,1
𠵼,mang1,2
𠵼,mang3,2
𠵾,waak1,3
𠶧,dim6,1
𠸎,laa1,9
𠸎,laa2,1
𠸎,naa1,8
𠸎,naa2,1
𠹇,be1,1
𠹌,lang1,1
𠹷,ngo4,8
𠹷,o4,4
𠹹,lan4,1
𠹻,zam6,1
𠺌,gwe1,1
𠺘,long2,6
𠺝,gaak3,1
𠺝,gat4,4
𠺝,gat6,5
𠺢,gaa1,1
𠺫,leu1,1
𠻹,tim1,1
𠼭,but1,4
𠼮,ngai1,2
𠽌,syut1,2
𠽌,syut2,2
𠽌,syut4,1
𠽤,kak1,1
𠽤,kik1,6
𠾴,baang4,1
𠾴,baang6,1
𠾵,za6,1
𠾵,zaa5,1
𠾵,zaa6,1
𠿪,gaa2,1
𡁆,lok1,4
𡁻,zeu1,4
𡁻,zeu6,2
𡁻,ziu6,4
𡃀,e1,1
𡃀,e4,1
𡃀,nge1,1
𡃁,leng1,8
𡃈,kwaak1,7
𡃈,kwaak3,1
𡃉,gaa3,1
𡃴,ceoi4,3
𡅅,aak3,1
𡙁,song2,1
𡥼,me1,1
𡰪,duk1,1
𡲢,ke1,7
𡲬,gwat6,2
𡳞,lan2,3
𢃇,lei5,6
𢃇,lei6,1
𢆡,lin1,3
𢆡,nin1,2
𢞵,fit1,1
𢪎,faak3,2
𢪎,faak6,1
𢪎,faat3,1
𢪎,faat6,1
𢫏,kam2,5
𢫕,wing6,2
𢫨,ngung2,2
𢫨,ung2,1
𢬿,gaai5,1
𢬿,kaai3,2
𢬿,kaai4,2
𢭃,dau6,3
𢯊,dik1,2
𢯎,aau1,3
𢯎,ngaau1,4
𢰸,wo5,1
𢱑,waa2,1
𢱑,we2,1
𢱕,dap1,2
𢱕,dap6,9
𢱢,sok1,3
𢲡,laa2,2
𢲡,naa2,1
𢲩,kap1,1
𢲷,ngaau1,1
𢳂,bat1,3
𢳂,fat1,2
𢳂,pat1,1
𢳆,ngou4,5
𢴈,daat3,3
𢴈,daat6,2
𢴈,det4,2
𢴒,paang1,1
𢴩,bat1,3
𢴩,fat1,2
𢴩,pat1,1
𢺳,maan1,5
𢺳,maang1,1
𣏴,jan4,1
𣚺,hong2,1
𣲷,naap6,1
𣲷,nap6,12
𤆣,saap6,1
𤌍,hok3,1
𤓓,lo3,3
𤜯,gap6,3
𤜯,kap6,1
𤣩,juk6,1
𤶸,laa1,1
𤶸,naa1,5
𤷪,mang2,4
𤷫,laat6,1
𤺧,zang2,2
𥀬,jim2,1
𥄫,gap6,1
𥅈,laap3,2
𥅾,zong1,1
𥇣,gwat6,3
𥊙,zong1,1
𥋇,caang4,2
𥱊,zek6,1
𥹉,nap6,1
𦉘,caang1,5
𦖿,dap1,1
𦜖,aa6,1
𦜖,ngaa6,1
𦟌,zin2,3
𦢊,pok1,4
𦧲,loe1,4
𦧲,loe2,3
𦧷,lem2,1
𦧺,laai2,1
𦻐,zaau3,1
𧊅,gwaai2,1
𧋦,mei1,1
𧌇,bang1,2
𧕴,naan3,2
𧘹,taai1,1
𧚔,tung2,1
𧝁,hyun1,1
𧢝,lai6,1
𧥺,kwan1,1
𧧝,ngaa6,1
𧨾,tam3,3
𧴯,me1,1
𨀤,leoi1,2
𨂽,dam3,1
𨂽,dam6,3
𨂾,laam3,3
𨂾,naam3,4
𨃩,sin3,2
𨅝,jaang3,3
𨈇,laam3,5
𨈇,naam3,2
𨈓,leng1,2
𨉖,nei1,1
𨋢,lip1,13
𨭌,paang1,1
𨳊,gau1,4
𨳍,cat6,5
𨳒,diu2,7
𨶙,lan2,4
𩓥,ngok6,4
𩜠,mam1,2
𩩍,peng1,7
𩬎,jam1,2
𩵼,jau2,1
𩶘,laap6,1
𩺬,zeoi1,1
𪐀,laa1,1
𪐀,naa1,1
𪘲,ji1,3
𪙛,nak1,1
𫫃,e1,2
𫫃,nge1,1
𫬷,ke4,2
𬒔,ang2,1
𬒔,ngang2,1
𭉝,syu2,1
𭉝,syu4,2
